Country,Region,Year,Annual CO2 emissions
Afghanistan,Asia,2010,8397779
Afghanistan,Asia,2011,12105788
Afghanistan,Asia,2012,10218514
Afghanistan,Asia,2013,8440766
Afghanistan,Asia,2014,7774340
Afghanistan,Asia,2015,7904133
Afghanistan,Asia,2016,6744628
Afghanistan,Asia,2017,6859825
Afghanistan,Asia,2018,8344829
Afghanistan,Asia,2019,12146674
Afghanistan,Asia,2020,12160286
Albania,Europe,2010,4448096
Albania,Europe,2011,5030672
Albania,Europe,2012,4667936
Albania,Europe,2013,4928080
Albania,Europe,2014,5620576
Albania,Europe,2015,4495728
Albania,Europe,2016,4492064
Albania,Europe,2017,5301808
Albania,Europe,2018,4733888
Albania,Europe,2019,4863450
Albania,Europe,2020,4534673
Algeria,Africa,2010,117813010
Algeria,Africa,2011,119807538
Algeria,Africa,2012,128110556
Algeria,Africa,2013,132435012
Algeria,Africa,2014,142528719
Algeria,Africa,2015,149682942
Algeria,Africa,2016,148928670
Algeria,Africa,2017,154935572
Algeria,Africa,2018,161486543
Algeria,Africa,2019,166641950
Algeria,Africa,2020,154995460
Andorra,Europe,2010,516624
Andorra,Europe,2011,490976
Andorra,Europe,2012,487312
Andorra,Europe,2013,476320
Andorra,Europe,2014,461664
Andorra,Europe,2015,465328
Andorra,Europe,2016,468992
Andorra,Europe,2017,465328
Andorra,Europe,2018,494640
Andorra,Europe,2019,501848
Andorra,Europe,2020,466294
Angola,Africa,2010,28864503
Angola,Africa,2011,30329742
Angola,Africa,2012,33800624
Angola,Africa,2013,33228583
Angola,Africa,2014,33296311
Angola,Africa,2015,33621246
Angola,Africa,2016,31403799
Angola,Africa,2017,28420359
Angola,Africa,2018,24375801
Angola,Africa,2019,23486822
Angola,Africa,2020,22198161
Anguilla,North America,2010,150224
Anguilla,North America,2011,142896
Anguilla,North America,2012,142896
Anguilla,North America,2013,117248
Anguilla,North America,2014,139232
Anguilla,North America,2015,153888
Anguilla,North America,2016,153888
Anguilla,North America,2017,142896
Anguilla,North America,2018,142896
Anguilla,North America,2019,139475
Anguilla,North America,2020,123426
Antigua and Barbuda,North America,2010,454336
Antigua and Barbuda,North America,2011,443344
Antigua and Barbuda,North America,2012,458000
Antigua and Barbuda,North America,2013,461664
Antigua and Barbuda,North America,2014,461664
Antigua and Barbuda,North America,2015,479984
Antigua and Barbuda,North America,2016,490976
Antigua and Barbuda,North America,2017,490976
Antigua and Barbuda,North America,2018,498304
Antigua and Barbuda,North America,2019,486373
Antigua and Barbuda,North America,2020,430410
Argentina,South America,2010,186733136
Argentina,South America,2011,190273774
Argentina,South America,2012,191714848
Argentina,South America,2013,190133373
Argentina,South America,2014,188657102
Argentina,South America,2015,192405960
Argentina,South America,2016,190977194
Argentina,South America,2017,187804729
Argentina,South America,2018,181099627
Argentina,South America,2019,167565587
Argentina,South America,2020,156978063
Armenia,Asia,2010,4252750
Armenia,Asia,2011,4968878
Armenia,Asia,2012,5748252
Armenia,Asia,2013,5535004
Armenia,Asia,2014,5604113
Armenia,Asia,2015,5469323
Armenia,Asia,2016,5203013
Armenia,Asia,2017,5536589
Armenia,Asia,2018,5825786
Armenia,Asia,2019,5528755
Armenia,Asia,2020,5890292
Aruba,South America,2010,2506176
Aruba,South America,2011,2498848
Aruba,South America,2012,1348352
Aruba,South America,2013,861040
Aruba,South America,2014,872032
Aruba,South America,2015,897680
Aruba,South America,2016,883024
Aruba,South America,2017,890352
Aruba,South America,2018,872032
Aruba,South America,2019,851153
Aruba,South America,2020,753218
Australia,Oceania,2010,404533220
Australia,Oceania,2011,405343883
Australia,Oceania,2012,402665844
Australia,Oceania,2013,393170619
Australia,Oceania,2014,399253746
Australia,Oceania,2015,403279411
Australia,Oceania,2016,415945172
Australia,Oceania,2017,414751197
Australia,Oceania,2018,416001157
Australia,Oceania,2019,414516833
Australia,Oceania,2020,391891928
Austria,Europe,2010,72000290
Austria,Europe,2011,69888739
Austria,Europe,2012,67263274
Austria,Europe,2013,67758606
Austria,Europe,2014,64160937
Austria,Europe,2015,66351619
Austria,Europe,2016,67215457
Austria,Europe,2017,69598854
Austria,Europe,2018,66565408
Austria,Europe,2019,67962416
Austria,Europe,2020,60634876
Bahamas,North America,2010,1901616
Bahamas,North America,2011,2114128
Bahamas,North America,2012,2311984
Bahamas,North America,2013,2704032
Bahamas,North America,2014,2429232
Bahamas,North America,2015,2136112
Bahamas,North America,2016,1978560
Bahamas,North America,2017,2095808
Bahamas,North America,2018,2700368
Bahamas,North America,2019,2637810
Bahamas,North America,2020,2337684
Bahrain,Asia,2010,29075435
Bahrain,Asia,2011,28467646
Bahrain,Asia,2012,27018877
Bahrain,Asia,2013,30999524
Bahrain,Asia,2014,30817608
Bahrain,Asia,2015,32470072
Bahrain,Asia,2016,31372822
Bahrain,Asia,2017,32591220
Bahrain,Asia,2018,32609540
Bahrain,Asia,2019,34439053
Bahrain,Asia,2020,34960075
Bangladesh,Asia,2010,53991553
Bangladesh,Asia,2011,56556344
Bangladesh,Asia,2012,60691320
Bangladesh,Asia,2013,61781665
Bangladesh,Asia,2014,65978638
Bangladesh,Asia,2015,73277248
Bangladesh,Asia,2016,76477097
Bangladesh,Asia,2017,80943513
Bangladesh,Asia,2018,82599936
Bangladesh,Asia,2019,94215024
Bangladesh,Asia,2020,92841625
Barbados,North America,2010,1464008
Barbados,North America,2011,1516527
Barbados,North America,2012,1459119
Barbados,North America,2013,1437240
Barbados,North America,2014,1261185
Barbados,North America,2015,1261368
Barbados,North America,2016,1283352
Barbados,North America,2017,1169768
Barbados,North America,2018,1235544
Barbados,North America,2019,1215299
Barbados,North America,2020,1086743
Belarus,Europe,2010,62774838
Belarus,Europe,2011,61628921
Belarus,Europe,2012,62674221
Belarus,Europe,2013,63237300
Belarus,Europe,2014,62608774
Belarus,Europe,2015,58037502
Belarus,Europe,2016,59851417
Belarus,Europe,2017,60115689
Belarus,Europe,2018,60961760
Belarus,Europe,2019,61022455
Belarus,Europe,2020,57445417
Belgium,Europe,2010,114543697
Belgium,Europe,2011,105025678
Belgium,Europe,2012,102385920
Belgium,Europe,2013,102652455
Belgium,Europe,2014,96867692
Belgium,Europe,2015,101055514
Belgium,Europe,2016,99872138
Belgium,Europe,2017,99448135
Belgium,Europe,2018,100227169
Belgium,Europe,2019,99745782
Belgium,Europe,2020,83748962
Belize,North America,2010,538608
Belize,North America,2011,553264
Belize,North America,2012,450672
Belize,North America,2013,439680
Belize,North America,2014,468992
Belize,North America,2015,641200
Belize,North America,2016,622880
Belize,North America,2017,615552
Belize,North America,2018,604560
Belize,North America,2019,658381
Belize,North America,2020,582795
Benin,Africa,2010,4679390
Benin,Africa,2011,4479719
Benin,Africa,2012,4402539
Benin,Africa,2013,4565975
Benin,Africa,2014,4796000
Benin,Africa,2015,5325566
Benin,Africa,2016,6600270
Benin,Africa,2017,6937710
Benin,Africa,2018,7254633
Benin,Africa,2019,7315116
Benin,Africa,2020,6702765
Bermuda,North America,2010,608224
Bermuda,North America,2011,443344
Bermuda,North America,2012,366400
Bermuda,North America,2013,534944
Bermuda,North America,2014,670512
Bermuda,North America,2015,538608
Bermuda,North America,2016,619216
Bermuda,North America,2017,630208
Bermuda,North America,2018,710816
Bermuda,North America,2019,697992
Bermuda,North America,2020,624448
Bhutan,Asia,2010,464723
Bhutan,Asia,2011,667430
Bhutan,Asia,2012,772722
Bhutan,Asia,2013,852780
Bhutan,Asia,2014,948481
Bhutan,Asia,2015,965039
Bhutan,Asia,2016,1156296
Bhutan,Asia,2017,1238841
Bhutan,Asia,2018,1435932
Bhutan,Asia,2019,1927478
Bhutan,Asia,2020,1925367
Bolivia,South America,2010,15425964
Bolivia,South America,2011,16992416
Bolivia,South America,2012,17778914
Bolivia,South America,2013,19093870
Bolivia,South America,2014,20716717
Bolivia,South America,2015,21277669
Bolivia,South America,2016,22795497
Bolivia,South America,2017,23561768
Bolivia,South America,2018,23855821
Bolivia,South America,2019,23847714
Bolivia,South America,2020,20700023
Bonaire Sint Eustatius and Saba,South America,2010,207404
Bonaire Sint Eustatius and Saba,South America,2011,264591
Bonaire Sint Eustatius and Saba,South America,2012,311440
Bonaire Sint Eustatius and Saba,South America,2013,322432
Bonaire Sint Eustatius and Saba,South America,2014,322432
Bonaire Sint Eustatius and Saba,South America,2015,326096
Bonaire Sint Eustatius and Saba,South America,2016,337088
Bonaire Sint Eustatius and Saba,South America,2017,348080
Bonaire Sint Eustatius and Saba,South America,2018,348080
Bonaire Sint Eustatius and Saba,South America,2019,339746
Bonaire Sint Eustatius and Saba,South America,2020,300654
Bosnia and Herzegovina,Europe,2010,21145704
Bosnia and Herzegovina,Europe,2011,23761289
Bosnia and Herzegovina,Europe,2012,22134174
Bosnia and Herzegovina,Europe,2013,21801049
Bosnia and Herzegovina,Europe,2014,19311786
Bosnia and Herzegovina,Europe,2015,18460491
Bosnia and Herzegovina,Europe,2016,21734016
Bosnia and Herzegovina,Europe,2017,21819086
Bosnia and Herzegovina,Europe,2018,22075036
Bosnia and Herzegovina,Europe,2019,24846861
Bosnia and Herzegovina,Europe,2020,21417961
Botswana,Africa,2010,4537275
Botswana,Africa,2011,4028802
Botswana,Africa,2012,5076711
Botswana,Africa,2013,5663055
Botswana,Africa,2014,6850164
Botswana,Africa,2015,5424868
Botswana,Africa,2016,6333540
Botswana,Africa,2017,7059012
Botswana,Africa,2018,7561368
Botswana,Africa,2019,6924791
Botswana,Africa,2020,6518934
Brazil,South America,2010,440269000
Brazil,South America,2011,462580000
Brazil,South America,2012,498309000
Brazil,South America,2013,532418000
Brazil,South America,2014,557901000
Brazil,South America,2015,529353000
Brazil,South America,2016,492748000
Brazil,South America,2017,500757715
Brazil,South America,2018,483685288
Brazil,South America,2019,485793146
Brazil,South America,2020,467383500
British Virgin Islands,North America,2010,197856
British Virgin Islands,North America,2011,201520
British Virgin Islands,North America,2012,201520
British Virgin Islands,North America,2013,201520
British Virgin Islands,North America,2014,212512
British Virgin Islands,North America,2015,212512
British Virgin Islands,North America,2016,212512
British Virgin Islands,North America,2017,168544
British Virgin Islands,North America,2018,161216
British Virgin Islands,North America,2019,157356
British Virgin Islands,North America,2020,139250
Brunei,Asia,2010,8060800
Brunei,Asia,2011,9544720
Brunei,Asia,2012,9493476
Brunei,Asia,2013,7628448
Brunei,Asia,2014,8925504
Brunei,Asia,2015,6954272
Brunei,Asia,2016,7544129
Brunei,Asia,2017,9552048
Brunei,Asia,2018,9592352
Brunei,Asia,2019,9958114
Brunei,Asia,2020,10158494
Bulgaria,Europe,2010,47860746
Bulgaria,Europe,2011,53176425
Bulgaria,Europe,2012,48340677
Bulgaria,Europe,2013,42680429
Bulgaria,Europe,2014,45216885
Bulgaria,Europe,2015,48275619
Bulgaria,Europe,2016,45502398
Bulgaria,Europe,2017,47582294
Bulgaria,Europe,2018,43637529
Bulgaria,Europe,2019,42222519
Bulgaria,Europe,2020,37444110
Burkina Faso,Africa,2010,2036372
Burkina Faso,Africa,2011,2130933
Burkina Faso,Africa,2012,2618914
Burkina Faso,Africa,2013,2863840
Burkina Faso,Africa,2014,2911488
Burkina Faso,Africa,2015,3296919
Burkina Faso,Africa,2016,3380872
Burkina Faso,Africa,2017,3937800
Burkina Faso,Africa,2018,4300747
Burkina Faso,Africa,2019,4335868
Burkina Faso,Africa,2020,3969636
Burundi,Africa,2010,296784
Burundi,Africa,2011,354138
Burundi,Africa,2012,379170
Burundi,Africa,2013,397996
Burundi,Africa,2014,374917
Burundi,Africa,2015,390866
Burundi,Africa,2016,467437
Burundi,Africa,2017,530397
Burundi,Africa,2018,679317
Burundi,Africa,2019,704031
Burundi,Africa,2020,602181
Cambodia,Asia,2010,5100364
Cambodia,Asia,2011,5194090
Cambodia,Asia,2012,5451440
Cambodia,Asia,2013,5578106
Cambodia,Asia,2014,6493802
Cambodia,Asia,2015,8526534
Cambodia,Asia,2016,10533328
Cambodia,Asia,2017,12874906
Cambodia,Asia,2018,12878613
Cambodia,Asia,2019,15329057
Cambodia,Asia,2020,15325618
Cameroon,Africa,2010,6662047
Cameroon,Africa,2011,6520807
Cameroon,Africa,2012,6159371
Cameroon,Africa,2013,5070387
Cameroon,Africa,2014,6849789
Cameroon,Africa,2015,7746169
Cameroon,Africa,2016,7815194
Cameroon,Africa,2017,7698500
Cameroon,Africa,2018,7931958
Cameroon,Africa,2019,7397993
Cameroon,Africa,2020,6889318
Canada,North America,2010,558804007
Canada,North America,2011,569870198
Canada,North America,2012,569262731
Canada,North America,2013,573698737
Canada,North America,2014,570563417
Canada,North America,2015,573061376
Canada,North America,2016,559566962
Canada,North America,2017,569360436
Canada,North America,2018,579470372
Canada,North America,2019,582389608
Canada,North America,2020,535822990
Cape Verde,Africa,2010,556928
Cape Verde,Africa,2011,615552
Cape Verde,Africa,2012,501968
Cape Verde,Africa,2013,494640
Cape Verde,Africa,2014,487312
Cape Verde,Africa,2015,490976
Cape Verde,Africa,2016,538608
Cape Verde,Africa,2017,578912
Cape Verde,Africa,2018,597232
Cape Verde,Africa,2019,602249
Cape Verde,Africa,2020,549930
Central African Republic,Africa,2010,168544
Central African Republic,Africa,2011,186864
Central African Republic,Africa,2012,190528
Central African Republic,Africa,2013,117248
Central African Republic,Africa,2014,124576
Central African Republic,Africa,2015,179536
Central African Republic,Africa,2016,197856
Central African Republic,Africa,2017,216176
Central African Republic,Africa,2018,219840
Central African Republic,Africa,2019,210438
Central African Republic,Africa,2020,187906
Chad,Africa,2010,996608
Chad,Africa,2011,1118285
Chad,Africa,2012,614121
Chad,Africa,2013,656304
Chad,Africa,2014,989835
Chad,Africa,2015,696715
Chad,Africa,2016,1012873
Chad,Africa,2017,1035912
Chad,Africa,2018,1044295
Chad,Africa,2019,1005433
Chad,Africa,2020,912301
Chile,South America,2010,71310955
Chile,South America,2011,78064404
Chile,South America,2012,79683581
Chile,South America,2013,81810868
Chile,South America,2014,77573779
Chile,South America,2015,81824471
Chile,South America,2016,84392028
Chile,South America,2017,84046028
Chile,South America,2018,84409267
Chile,South America,2019,86129263
Chile,South America,2020,81171490
China,Asia,2010,8616652695
China,Asia,2011,9528555734
China,Asia,2012,9775621803
China,Asia,2013,9952743755
China,Asia,2014,9985583382
China,Asia,2015,9848419740
China,Asia,2016,9720444086
China,Asia,2017,9920459189
China,Asia,2018,10289989525
China,Asia,2019,10489988555
China,Asia,2020,10667887453
Colombia,South America,2010,76278424
Colombia,South America,2011,76079775
Colombia,South America,2012,79727172
Colombia,South America,2013,87427856
Colombia,South America,2014,88699143
Colombia,South America,2015,91965358
Colombia,South America,2016,93241979
Colombia,South America,2017,86295788
Colombia,South America,2018,84880525
Colombia,South America,2019,90419306
Colombia,South America,2020,89104941
Comoros,Africa,2010,161216
Comoros,Africa,2011,142896
Comoros,Africa,2012,153888
Comoros,Africa,2013,183200
Comoros,Africa,2014,161216
Comoros,Africa,2015,179536
Comoros,Africa,2016,216176
Comoros,Africa,2017,267472
Comoros,Africa,2018,293120
Comoros,Africa,2019,305838
Comoros,Africa,2020,258456
Congo,Africa,2010,1961777
Congo,Africa,2011,2239828
Congo,Africa,2012,2944507
Congo,Africa,2013,3208046
Congo,Africa,2014,3102335
Congo,Africa,2015,3451597
Congo,Africa,2016,3702358
Congo,Africa,2017,3565236
Congo,Africa,2018,3622516
Congo,Africa,2019,3291256
Congo,Africa,2020,3116760
Cook Islands,Oceania,2010,58624
Cook Islands,Oceania,2011,65952
Cook Islands,Oceania,2012,69616
Cook Islands,Oceania,2013,69616
Cook Islands,Oceania,2014,69616
Cook Islands,Oceania,2015,69616
Cook Islands,Oceania,2016,69616
Cook Islands,Oceania,2017,76944
Cook Islands,Oceania,2018,76944
Cook Islands,Oceania,2019,79312
Cook Islands,Oceania,2020,79423
Costa Rica,North America,2010,7492647
Costa Rica,North America,2011,7310815
Costa Rica,North America,2012,7260085
Costa Rica,North America,2013,7631517
Costa Rica,North America,2014,7748309
Costa Rica,North America,2015,7406021
Costa Rica,North America,2016,7922925
Costa Rica,North America,2017,8311622
Costa Rica,North America,2018,8222150
Costa Rica,North America,2019,8817911
Costa Rica,North America,2020,7907389
Cote d'Ivoire,Africa,2010,6063920
Cote d'Ivoire,Africa,2011,6342384
Cote d'Ivoire,Africa,2012,8339264
Cote d'Ivoire,Africa,2013,9526400
Cote d'Ivoire,Africa,2014,9738912
Cote d'Ivoire,Africa,2015,9405488
Cote d'Ivoire,Africa,2016,11798080
Cote d'Ivoire,Africa,2017,11860368
Cote d'Ivoire,Africa,2018,10251872
Cote d'Ivoire,Africa,2019,10479712
Cote d'Ivoire,Africa,2020,10070733
Croatia,Europe,2010,21019201
Croatia,Europe,2011,20651988
Croatia,Europe,2012,19088544
Croatia,Europe,2013,18435627
Croatia,Europe,2014,17682216
Croatia,Europe,2015,17817233
Croatia,Europe,2016,18083057
Croatia,Europe,2017,18718063
Croatia,Europe,2018,17698215
Croatia,Europe,2019,17778838
Croatia,Europe,2020,16982010
Cuba,North America,2010,34199817
Cuba,North America,2011,29431084
Cuba,North America,2012,29742048
Cuba,North America,2013,28024016
Cuba,North America,2014,27441780
Cuba,North America,2015,29311009
Cuba,North America,2016,28177648
Cuba,North America,2017,25207628
Cuba,North America,2018,22608510
Cuba,North America,2019,22524658
Cuba,North America,2020,20152280
Curacao,South America,2010,3887002
Curacao,South America,2011,4958740
Curacao,South America,2012,5836752
Curacao,South America,2013,5503328
Curacao,South America,2014,6408336
Curacao,South America,2015,6924960
Curacao,South America,2016,5800112
Curacao,South America,2017,4426112
Curacao,South America,2018,3828880
Curacao,South America,2019,3761011
Curacao,South America,2020,3335066
Cyprus,Europe,2010,8099604
Cyprus,Europe,2011,7786009
Cyprus,Europe,2012,7261686
Cyprus,Europe,2013,6581495
Cyprus,Europe,2014,6949659
Cyprus,Europe,2015,6970371
Cyprus,Europe,2016,7373018
Cyprus,Europe,2017,7523104
Cyprus,Europe,2018,7340346
Cyprus,Europe,2019,7339882
Cyprus,Europe,2020,6496162
Czechia,Europe,2010,117603433
Czechia,Europe,2011,115167624
Czechia,Europe,2012,111289362
Czechia,Europe,2013,106525802
Czechia,Europe,2014,104094900
Czechia,Europe,2015,104864605
Czechia,Europe,2016,106685441
Czechia,Europe,2017,107612791
Czechia,Europe,2018,106131600
Czechia,Europe,2019,100812345
Czechia,Europe,2020,87974706
Democratic Republic of Congo,Africa,2010,1961947
Democratic Republic of Congo,Africa,2011,2439520
Democratic Republic of Congo,Africa,2012,2356311
Democratic Republic of Congo,Africa,2013,3537543
Democratic Republic of Congo,Africa,2014,4630929
Democratic Republic of Congo,Africa,2015,2792690
Democratic Republic of Congo,Africa,2016,2014128
Democratic Republic of Congo,Africa,2017,2473864
Democratic Republic of Congo,Africa,2018,2779707
Democratic Republic of Congo,Africa,2019,2688761
Democratic Republic of Congo,Africa,2020,2477334
Denmark,Europe,2010,49170504
Denmark,Europe,2011,44215177
Denmark,Europe,2012,39840159
Denmark,Europe,2013,41745896
Denmark,Europe,2014,37543417
Denmark,Europe,2015,35203694
Denmark,Europe,2016,37011386
Denmark,Europe,2017,34743087
Denmark,Europe,2018,34672351
Denmark,Europe,2019,30897261
Denmark,Europe,2020,26194912
Djibouti,Africa,2010,516624
Djibouti,Africa,2011,472656
Djibouti,Africa,2012,487312
Djibouti,Africa,2013,556690
Djibouti,Africa,2014,388306
Djibouti,Africa,2015,447141
Djibouti,Africa,2016,399509
Djibouti,Africa,2017,403384
Djibouti,Africa,2018,388728
Djibouti,Africa,2019,402400
Djibouti,Africa,2020,351464
Dominica,North America,2010,172208
Dominica,North America,2011,153888
Dominica,North America,2012,164880
Dominica,North America,2013,168544
Dominica,North America,2014,175872
Dominica,North America,2015,175872
Dominica,North America,2016,179536
Dominica,North America,2017,161216
Dominica,North America,2018,161216
Dominica,North America,2019,157356
Dominica,North America,2020,139250
Dominican Republic,North America,2010,20553453
Dominican Republic,North America,2011,21317914
Dominican Republic,North America,2012,21254754
Dominican Republic,North America,2013,21266960
Dominican Republic,North America,2014,21800611
Dominican Republic,North America,2015,23494589
Dominican Republic,North America,2016,24644567
Dominican Republic,North America,2017,24016922
Dominican Republic,North America,2018,25698088
Dominican Republic,North America,2019,27520188
Dominican Republic,North America,2020,27769310
Ecuador,South America,2010,34825608
Ecuador,South America,2011,37398376
Ecuador,South America,2012,37154022
Ecuador,South America,2013,39362341
Ecuador,South America,2014,43206942
Ecuador,South America,2015,40759423
Ecuador,South America,2016,39504033
Ecuador,South America,2017,39275993
Ecuador,South America,2018,37919441
Ecuador,South America,2019,36757720
Ecuador,South America,2020,30931763
Egypt,Africa,2010,200841483
Egypt,Africa,2011,213026647
Egypt,Africa,2012,208718329
Egypt,Africa,2013,206949168
Egypt,Africa,2014,221668030
Egypt,Africa,2015,219167386
Egypt,Africa,2016,234122634
Egypt,Africa,2017,250604761
Egypt,Africa,2018,227721467
Egypt,Africa,2019,225881552
Egypt,Africa,2020,213456746
El Salvador,North America,2010,6318629
El Salvador,North America,2011,6499405
El Salvador,North America,2012,6471882
El Salvador,North America,2013,6094472
El Salvador,North America,2014,6151155
El Salvador,North America,2015,6675315
El Salvador,North America,2016,6645795
El Salvador,North America,2017,6015817
El Salvador,North America,2018,6371211
El Salvador,North America,2019,6852675
El Salvador,North America,2020,6123716
Equatorial Guinea,Africa,2010,6804048
Equatorial Guinea,Africa,2011,9464112
Equatorial Guinea,Africa,2012,9174656
Equatorial Guinea,Africa,2013,11578240
Equatorial Guinea,Africa,2014,11178864
Equatorial Guinea,Africa,2015,10834448
Equatorial Guinea,Africa,2016,11387712
Equatorial Guinea,Africa,2017,12285392
Equatorial Guinea,Africa,2018,11211840
Equatorial Guinea,Africa,2019,10269780
Equatorial Guinea,Africa,2020,10265267
Eritrea,Africa,2010,497337
Eritrea,Africa,2011,555834
Eritrea,Africa,2012,604565
Eritrea,Africa,2013,620806
Eritrea,Africa,2014,631395
Eritrea,Africa,2015,634427
Eritrea,Africa,2016,645419
Eritrea,Africa,2017,704254
Eritrea,Africa,2018,804658
Eritrea,Africa,2019,834864
Eritrea,Africa,2020,722332
Estonia,Europe,2010,18995251
Estonia,Europe,2011,19090904
Estonia,Europe,2012,17846305
Estonia,Europe,2013,19737857
Estonia,Europe,2014,18885241
Estonia,Europe,2015,15859415
Estonia,Europe,2016,17567318
Estonia,Europe,2017,18788490
Estonia,Europe,2018,17944520
Estonia,Europe,2019,12380317
Estonia,Europe,2020,10452414
Eswatini,Africa,2010,996608
Eswatini,Africa,2011,1007600
Eswatini,Africa,2012,1168816
Eswatini,Africa,2013,1399648
Eswatini,Africa,2014,769440
Eswatini,Africa,2015,868368
Eswatini,Africa,2016,1055232
Eswatini,Africa,2017,985616
Eswatini,Africa,2018,1033248
Eswatini,Africa,2019,1012882
Eswatini,Africa,2020,955776
Ethiopia,Africa,2010,6336871
Ethiopia,Africa,2011,7402480
Ethiopia,Africa,2012,8108686
Ethiopia,Africa,2013,9781029
Ethiopia,Africa,2014,12016546
Ethiopia,Africa,2015,12693593
Ethiopia,Africa,2016,14347424
Ethiopia,Africa,2017,15237885
Ethiopia,Africa,2018,16149221
Ethiopia,Africa,2019,16370961
Ethiopia,Africa,2020,14664773
Faeroe Islands,Europe,2010,630208
Faeroe Islands,Europe,2011,567920
Faeroe Islands,Europe,2012,589904
Faeroe Islands,Europe,2013,648528
Faeroe Islands,Europe,2014,597232
Faeroe Islands,Europe,2015,608224
Faeroe Islands,Europe,2016,630208
Faeroe Islands,Europe,2017,707152
Faeroe Islands,Europe,2018,725472
Faeroe Islands,Europe,2019,736044
Faeroe Islands,Europe,2020,683898
Fiji,Oceania,2010,1201720
Fiji,Oceania,2011,1068238
Fiji,Oceania,2012,1042187
Fiji,Oceania,2013,1098788
Fiji,Oceania,2014,1244223
Fiji,Oceania,2015,1294297
Fiji,Oceania,2016,1259717
Fiji,Oceania,2017,1361855
Fiji,Oceania,2018,1351627
Fiji,Oceania,2019,1391540
Fiji,Oceania,2020,1393413
Finland,Europe,2010,64103398
Finland,Europe,2011,56666649
Finland,Europe,2012,51229342
Finland,Europe,2013,51728113
Finland,Europe,2014,47644671
Finland,Europe,2015,44126333
Finland,Europe,2016,47229214
Finland,Europe,2017,44652056
Finland,Europe,2018,45848982
Finland,Europe,2019,42546042
Finland,Europe,2020,39287631
France,Europe,2010,376575652
France,Europe,2011,353734944
France,Europe,2012,355931515
France,Europe,2013,357536915
France,Europe,2014,325885736
France,Europe,2015,329910376
France,Europe,2016,333578746
France,Europe,2017,336995589
France,Europe,2018,322371888
France,Europe,2019,315930736
France,Europe,2020,276633893
French Guiana,South America,2010,712224
French Guiana,South America,2011,714282
French Guiana,South America,2012,706429
French Guiana,South America,2013,692342
French Guiana,South America,2014,691310
French Guiana,South America,2015,702356
French Guiana,South America,2016,718358
French Guiana,South America,2017,705072
French Guiana,South America,2018,698756
French Guiana,South America,2019,728379
French Guiana,South America,2020,728379
French Polynesia,Oceania,2010,802416
French Polynesia,Oceania,2011,787760
French Polynesia,Oceania,2012,773104
French Polynesia,Oceania,2013,787760
French Polynesia,Oceania,2014,769440
French Polynesia,Oceania,2015,784096
French Polynesia,Oceania,2016,758448
French Polynesia,Oceania,2017,765776
French Polynesia,Oceania,2018,802416
French Polynesia,Oceania,2019,827108
French Polynesia,Oceania,2020,828267
Gabon,Africa,2010,4783240
Gabon,Africa,2011,4930245
Gabon,Africa,2012,5033862
Gabon,Africa,2013,5269051
Gabon,Africa,2014,5316546
Gabon,Africa,2015,5269387
Gabon,Africa,2016,5441095
Gabon,Africa,2017,4598164
Gabon,Africa,2018,4758880
Gabon,Africa,2019,4487744
Gabon,Africa,2020,4298177
Gambia,Africa,2010,432352
Gambia,Africa,2011,447008
Gambia,Africa,2012,454336
Gambia,Africa,2013,432352
Gambia,Africa,2014,512960
Gambia,Africa,2015,523952
Gambia,Africa,2016,531280
Gambia,Africa,2017,534944
Gambia,Africa,2018,542272
Gambia,Africa,2019,546960
Gambia,Africa,2020,499912
Germany,Europe,2010,832949108
Germany,Europe,2011,809216919
Germany,Europe,2012,813984654
Germany,Europe,2013,831453838
Germany,Europe,2014,792587770
Germany,Europe,2015,795610215
Germany,Europe,2016,800686632
Germany,Europe,2017,785882918
Germany,Europe,2018,754111607
Germany,Europe,2019,711427809
Germany,Europe,2020,644310352
Ghana,Africa,2010,9709648
Ghana,Africa,2011,11226017
Ghana,Africa,2012,14315347
Ghana,Africa,2013,14179876
Ghana,Africa,2014,14754583
Ghana,Africa,2015,16114450
Ghana,Africa,2016,16547069
Ghana,Africa,2017,13739546
Ghana,Africa,2018,16682630
Ghana,Africa,2019,16918159
Ghana,Africa,2020,16001330
Greece,Europe,2010,97361427
Greece,Europe,2011,94549566
Greece,Europe,2012,91430548
Greece,Europe,2013,81736129
Greece,Europe,2014,78662108
Greece,Europe,2015,74961086
Greece,Europe,2016,71372744
Greece,Europe,2017,74855081
Greece,Europe,2018,71807547
Greece,Europe,2019,65735923
Greece,Europe,2020,52235141
Greenland,North America,2010,678834
Greenland,North America,2011,725334
Greenland,North America,2012,578472
Greenland,North America,2013,561216
Greenland,North America,2014,520837
Greenland,North America,2015,523816
Greenland,North America,2016,524924
Greenland,North America,2017,542002
Greenland,North America,2018,548021
Greenland,North America,2019,553636
Greenland,North America,2020,514413
Grenada,North America,2010,260144
Grenada,North America,2011,252816
Grenada,North America,2012,271136
Grenada,North America,2013,304112
Grenada,North America,2014,234496
Grenada,North America,2015,260144
Grenada,North America,2016,267472
Grenada,North America,2017,278464
Grenada,North America,2018,307776
Grenada,North America,2019,332271
Grenada,North America,2020,294834
Guadeloupe,North America,2010,2505064
Guadeloupe,North America,2011,2512302
Guadeloupe,North America,2012,2484681
Guadeloupe,North America,2013,2435135
Guadeloupe,North America,2014,2431506
Guadeloupe,North America,2015,2470355
Guadeloupe,North America,2016,2526638
Guadeloupe,North America,2017,2479907
Guadeloupe,North America,2018,2457695
Guadeloupe,North America,2019,2561883
Guadeloupe,North America,2020,2561883
Guatemala,North America,2010,11097682
Guatemala,North America,2011,11237312
Guatemala,North America,2012,11557767
Guatemala,North America,2013,12783614
Guatemala,North America,2014,13785180
Guatemala,North America,2015,15822364
Guatemala,North America,2016,16912995
Guatemala,North America,2017,17291925
Guatemala,North America,2018,18646365
Guatemala,North America,2019,21934091
Guatemala,North America,2020,18937908
Guinea,Africa,2010,2484192
Guinea,Africa,2011,2594112
Guinea,Africa,2012,2421904
Guinea,Africa,2013,2110464
Guinea,Africa,2014,2165424
Guinea,Africa,2015,2451216
Guinea,Africa,2016,2744336
Guinea,Africa,2017,3238976
Guinea,Africa,2018,3685984
Guinea,Africa,2019,3716950
Guinea,Africa,2020,3394049
Guinea-Bissau,Africa,2010,238160
Guinea-Bissau,Africa,2011,241824
Guinea-Bissau,Africa,2012,245488
Guinea-Bissau,Africa,2013,245488
Guinea-Bissau,Africa,2014,260144
Guinea-Bissau,Africa,2015,278464
Guinea-Bissau,Africa,2016,304112
Guinea-Bissau,Africa,2017,304112
Guinea-Bissau,Africa,2018,311440
Guinea-Bissau,Africa,2019,314056
Guinea-Bissau,Africa,2020,286774
Guyana,South America,2010,1886960
Guyana,South America,2011,1960240
Guyana,South America,2012,1960240
Guyana,South America,2013,1905280
Guyana,South America,2014,1972021
Guyana,South America,2015,2003336
Guyana,South America,2016,2345135
Guyana,South America,2017,2319487
Guyana,South America,2018,2480982
Guyana,South America,2019,2486530
Guyana,South America,2020,2212691
Haiti,North America,2010,2136827
Haiti,North America,2011,2272898
Haiti,North America,2012,2264181
Haiti,North America,2013,2706250
Haiti,North America,2014,2704625
Haiti,North America,2015,2660657
Haiti,North America,2016,2983089
Haiti,North America,2017,3104001
Haiti,North America,2018,3367809
Haiti,North America,2019,3289028
Haiti,North America,2020,2919510
Honduras,North America,2010,7890362
Honduras,North America,2011,8735738
Honduras,North America,2012,9093702
Honduras,North America,2013,9240065
Honduras,North America,2014,9309030
Honduras,North America,2015,9802030
Honduras,North America,2016,9292976
Honduras,North America,2017,8857228
Honduras,North America,2018,10049978
Honduras,North America,2019,10788920
Honduras,North America,2020,9659570
Hong Kong,Asia,2010,40062903
Hong Kong,Asia,2011,43149716
Hong Kong,Asia,2012,42742062
Hong Kong,Asia,2013,44306891
Hong Kong,Asia,2014,45491754
Hong Kong,Asia,2015,42392071
Hong Kong,Asia,2016,43388679
Hong Kong,Asia,2017,42553287
Hong Kong,Asia,2018,42738009
Hong Kong,Asia,2019,41789463
Hong Kong,Asia,2020,31238788
Hungary,Europe,2010,52068804
Hungary,Europe,2011,50191342
Hungary,Europe,2012,46757505
Hungary,Europe,2013,43590214
Hungary,Europe,2014,43678123
Hungary,Europe,2015,46614820
Hungary,Europe,2016,47072006
Hungary,Europe,2017,49452258
Hungary,Europe,2018,49407953
Hungary,Europe,2019,49079712
Hungary,Europe,2020,48275451
Iceland,Europe,2010,3624647
Iceland,Europe,2011,3501314
Iceland,Europe,2012,3496829
Iceland,Europe,2013,3482726
Iceland,Europe,2014,3459260
Iceland,Europe,2015,3536220
Iceland,Europe,2016,3487423
Iceland,Europe,2017,3604886
Iceland,Europe,2018,3663377
Iceland,Europe,2019,3550747
Iceland,Europe,2020,2935990
India,Asia,2010,1677887585
India,Asia,2011,1780129996
India,Asia,2012,1963586045
India,Asia,2013,2036937081
India,Asia,2014,2185855918
India,Asia,2015,2268567478
India,Asia,2016,2382223220
India,Asia,2017,2433855754
India,Asia,2018,2599805717
India,Asia,2019,2625968148
India,Asia,2020,2441792313
Indonesia,Asia,2010,451931468
Indonesia,Asia,2011,504761970
Indonesia,Asia,2012,521527856
Indonesia,Asia,2013,496074375
Indonesia,Asia,2014,498973167
Indonesia,Asia,2015,551475340
Indonesia,Asia,2016,560845982
Indonesia,Asia,2017,575175792
Indonesia,Asia,2018,614884277
Indonesia,Asia,2019,660593985
Indonesia,Asia,2020,589500368
Iran,Asia,2010,569771991
Iran,Asia,2011,577336334
Iran,Asia,2012,602738337
Iran,Asia,2013,610210045
Iran,Asia,2014,641842053
Iran,Asia,2015,628626244
Iran,Asia,2016,637361528
Iran,Asia,2017,712256079
Iran,Asia,2018,707157389
Iran,Asia,2019,733365847
Iran,Asia,2020,745035109
Iraq,Asia,2010,110065833
Iraq,Asia,2011,135274148
Iraq,Asia,2012,152814840
Iraq,Asia,2013,163676973
Iraq,Asia,2014,165150848
Iraq,Asia,2015,165646516
Iraq,Asia,2016,194361365
Iraq,Asia,2017,211703077
Iraq,Asia,2018,211325685
Iraq,Asia,2019,222991395
Iraq,Asia,2020,210829146
Ireland,Europe,2010,41793915
Ireland,Europe,2011,38097299
Ireland,Europe,2012,38241975
Ireland,Europe,2013,37291763
Ireland,Europe,2014,36909012
Ireland,Europe,2015,38687772
Ireland,Europe,2016,40155799
Ireland,Europe,2017,39133421
Ireland,Europe,2018,39195155
Ireland,Europe,2019,37275319
Ireland,Europe,2020,33348699
Israel,Asia,2010,68286901
Israel,Asia,2011,68594737
Israel,Asia,2012,74784579
Israel,Asia,2013,63131686
Israel,Asia,2014,60351834
Israel,Asia,2015,62974924
Israel,Asia,2016,61219126
Israel,Asia,2017,58873198
Israel,Asia,2018,60546051
Israel,Asia,2019,62393584
Israel,Asia,2020,56350861
Italy,Europe,2010,436153683
Italy,Europe,2011,424277527
Italy,Europe,2012,403447214
Italy,Europe,2013,369834337
Italy,Europe,2014,349581755
Italy,Europe,2015,361302482
Italy,Europe,2016,358060743
Italy,Europe,2017,352849912
Italy,Europe,2018,349020446
Italy,Europe,2019,339772171
Italy,Europe,2020,303815294
Jamaica,North America,2010,7677295
Jamaica,North America,2011,8255605
Jamaica,North America,2012,7912829
Jamaica,North America,2013,8492241
Jamaica,North America,2014,7697454
Jamaica,North America,2015,7995386
Jamaica,North America,2016,8163432
Jamaica,North America,2017,7797546
Jamaica,North America,2018,8038802
Jamaica,North America,2019,8045054
Jamaica,North America,2020,7429454
Japan,Asia,2010,1214816233
Japan,Asia,2011,1264866099
Japan,Asia,2012,1306009842
Japan,Asia,2013,1315342658
Japan,Asia,2014,1263728759
Japan,Asia,2015,1223396445
Japan,Asia,2016,1203717880
Japan,Asia,2017,1188122842
Japan,Asia,2018,1143457876
Japan,Asia,2019,1105929335
Japan,Asia,2020,1030775384
Jordan,Asia,2010,20615325
Jordan,Asia,2011,21243760
Jordan,Asia,2012,23813801
Jordan,Asia,2013,23813152
Jordan,Asia,2014,25895022
Jordan,Asia,2015,25556220
Jordan,Asia,2016,24345622
Jordan,Asia,2017,25561278
Jordan,Asia,2018,25259630
Jordan,Asia,2019,25744983
Jordan,Asia,2020,25487430
Kenya,Asia,2010,11744792
Kenya,Asia,2011,12928173
Kenya,Asia,2012,11988008
Kenya,Asia,2013,12770061
Kenya,Asia,2014,13772966
Kenya,Asia,2015,16301234
Kenya,Asia,2016,17155983
Kenya,Asia,2017,16322312
Kenya,Asia,2018,18016496
Kenya,Asia,2019,18346944
Kenya,Asia,2020,16146074
Kiribati,Oceania,2010,58624
Kiribati,Oceania,2011,54960
Kiribati,Oceania,2012,51296
Kiribati,Oceania,2013,51296
Kiribati,Oceania,2014,58624
Kiribati,Oceania,2015,54960
Kiribati,Oceania,2016,54960
Kiribati,Oceania,2017,65952
Kiribati,Oceania,2018,65952
Kiribati,Oceania,2019,67981
Kiribati,Oceania,2020,68077
Kosovo,Europe,2010,8372240
Kosovo,Europe,2011,8309952
Kosovo,Europe,2012,7873936
Kosovo,Europe,2013,8005840
Kosovo,Europe,2014,7126480
Kosovo,Europe,2015,8339264
Kosovo,Europe,2016,8859552
Kosovo,Europe,2017,8093776
Kosovo,Europe,2018,8148736
Kosovo,Europe,2019,9099782
Kosovo,Europe,2020,7890151
Kuwait,Asia,2010,89272262
Kuwait,Asia,2011,86262705
Kuwait,Asia,2012,100074047
Kuwait,Asia,2013,81704119
Kuwait,Asia,2014,75481708
Kuwait,Asia,2015,91348969
Kuwait,Asia,2016,100858688
Kuwait,Asia,2017,95144622
Kuwait,Asia,2018,95575260
Kuwait,Asia,2019,96651162
Kuwait,Asia,2020,88935077
Kyrgyzstan,Asia,2010,6313962
Kyrgyzstan,Asia,2011,7553504
Kyrgyzstan,Asia,2012,9998398
Kyrgyzstan,Asia,2013,9658305
Kyrgyzstan,Asia,2014,10095418
Kyrgyzstan,Asia,2015,10278881
Kyrgyzstan,Asia,2016,9646228
Kyrgyzstan,Asia,2017,9348074
Kyrgyzstan,Asia,2018,11697709
Kyrgyzstan,Asia,2019,11017920
Kyrgyzstan,Asia,2020,11507817
Laos,Asia,2010,3004513
Laos,Asia,2011,3170104
Laos,Asia,2012,3397982
Laos,Asia,2013,4261159
Laos,Asia,2014,4449693
Laos,Asia,2015,9232425
Laos,Asia,2016,14805657
Laos,Asia,2017,18661301
Laos,Asia,2018,19524017
Laos,Asia,2019,33931652
Laos,Asia,2020,33846818
Latvia,Europe,2010,8554205
Latvia,Europe,2011,7810749
Latvia,Europe,2012,7519388
Latvia,Europe,2013,7368417
Latvia,Europe,2014,7171941
Latvia,Europe,2015,7262103
Latvia,Europe,2016,7210325
Latvia,Europe,2017,7214945
Latvia,Europe,2018,7859362
Latvia,Europe,2019,7648184
Latvia,Europe,2020,6772778
Lebanon,Asia,2010,19996595
Lebanon,Asia,2011,20264128
Lebanon,Asia,2012,22332032
Lebanon,Asia,2013,22163384
Lebanon,Asia,2014,23992028
Lebanon,Asia,2015,25734552
Lebanon,Asia,2016,26500753
Lebanon,Asia,2017,27976920
Lebanon,Asia,2018,26551199
Lebanon,Asia,2019,26657803
Lebanon,Asia,2020,25969298
Lesotho,Africa,2010,2275344
Lesotho,Africa,2011,3063104
Lesotho,Africa,2012,3092416
Lesotho,Africa,2013,2333968
Lesotho,Africa,2014,2473200
Lesotho,Africa,2015,2242368
Lesotho,Africa,2016,2213056
Lesotho,Africa,2017,2454880
Lesotho,Africa,2018,2583120
Lesotho,Africa,2019,2321119
Lesotho,Africa,2020,2183421
Liberia,Africa,2010,760564
Liberia,Africa,2011,851716
Liberia,Africa,2012,962647
Liberia,Africa,2013,877929
Liberia,Africa,2014,1191526
Liberia,Africa,2015,1203681
Liberia,Africa,2016,1357466
Liberia,Africa,2017,1231620
Liberia,Africa,2018,1085305
Liberia,Africa,2019,1093400
Liberia,Africa,2020,1008984
Libya,Africa,2010,60652794
Libya,Africa,2011,49212444
Libya,Africa,2012,51646672
Libya,Africa,2013,41914140
Libya,Africa,2014,71390467
Libya,Africa,2015,58183529
Libya,Africa,2016,53485117
Libya,Africa,2017,54398719
Libya,Africa,2018,53361533
Libya,Africa,2019,54509037
Libya,Africa,2020,50720577
Liechtenstein,Europe,2010,190782
Liechtenstein,Europe,2011,176737
Liechtenstein,Europe,2012,185271
Liechtenstein,Europe,2013,192495
Liechtenstein,Europe,2014,161176
Liechtenstein,Europe,2015,159621
Liechtenstein,Europe,2016,149547
Liechtenstein,Europe,2017,155279
Liechtenstein,Europe,2018,142307
Liechtenstein,Europe,2019,148400
Liechtenstein,Europe,2020,141012
Lithuania,Europe,2010,13945089
Lithuania,Europe,2011,14292805
Lithuania,Europe,2012,14345298
Lithuania,Europe,2013,13354844
Lithuania,Europe,2014,13106691
Lithuania,Europe,2015,13319490
Lithuania,Europe,2016,13351102
Lithuania,Europe,2017,13571832
Lithuania,Europe,2018,13696228
Lithuania,Europe,2019,13923095
Lithuania,Europe,2020,13799480
Luxembourg,Europe,2010,11207250
Luxembourg,Europe,2011,11102383
Luxembourg,Europe,2012,10866201
Luxembourg,Europe,2013,10320571
Luxembourg,Europe,2014,9836045
Luxembourg,Europe,2015,9347989
Luxembourg,Europe,2016,9092741
Luxembourg,Europe,2017,9261344
Luxembourg,Europe,2018,9568440
Luxembourg,Europe,2019,9752160
Luxembourg,Europe,2020,8174648
Macao,Asia,2010,1234768
Macao,Asia,2011,1456275
Macao,Asia,2012,1290790
Macao,Asia,2013,1203710
Macao,Asia,2014,1508124
Macao,Asia,2015,2027991
Macao,Asia,2016,1769712
Macao,Asia,2017,1919936
Macao,Asia,2018,1216448
Macao,Asia,2019,1256206
Macao,Asia,2020,1262755
Madagascar,Africa,2010,1871843
Madagascar,Africa,2011,2381149
Madagascar,Africa,2012,2748005
Madagascar,Africa,2013,3214813
Madagascar,Africa,2014,3161532
Madagascar,Africa,2015,3231148
Madagascar,Africa,2016,3253198
Madagascar,Africa,2017,4122133
Madagascar,Africa,2018,4166663
Madagascar,Africa,2019,4049824
Madagascar,Africa,2020,3679618
Malawi,Africa,2010,1025136
Malawi,Africa,2011,1140182
Malawi,Africa,2012,1132054
Malawi,Africa,2013,1163078
Malawi,Africa,2014,1020623
Malawi,Africa,2015,1119762
Malawi,Africa,2016,1306376
Malawi,Africa,2017,1364161
Malawi,Africa,2018,1570154
Malawi,Africa,2019,1588500
Malawi,Africa,2020,1394983
Malaysia,Asia,2010,215935154
Malaysia,Asia,2011,216993527
Malaysia,Asia,2012,215213034
Malaysia,Asia,2013,242487438
Malaysia,Asia,2014,244832567
Malaysia,Asia,2015,231843940
Malaysia,Asia,2016,250560642
Malaysia,Asia,2017,250561320
Malaysia,Asia,2018,272229353
Malaysia,Asia,2019,278659255
Malaysia,Asia,2020,272607434
Maldives,Asia,2010,934320
Maldives,Asia,2011,985616
Maldives,Asia,2012,1110192
Maldives,Asia,2013,1091872
Maldives,Asia,2014,1315376
Maldives,Asia,2015,1311712
Maldives,Asia,2016,1436288
Maldives,Asia,2017,1513232
Maldives,Asia,2018,1740400
Maldives,Asia,2019,1793956
Maldives,Asia,2020,1796469
Mali,Africa,2010,2088480
Mali,Africa,2011,2279008
Mali,Africa,2012,2436560
Mali,Africa,2013,2743394
Mali,Africa,2014,3099009
Mali,Africa,2015,3270585
Mali,Africa,2016,3329209
Mali,Africa,2017,3534393
Mali,Africa,2018,3659601
Mali,Africa,2019,3688197
Mali,Africa,2020,3390011
Malta,Europe,2010,2579522
Malta,Europe,2011,2576836
Malta,Europe,2012,2760504
Malta,Europe,2013,2444297
Malta,Europe,2014,2448395
Malta,Europe,2015,1740986
Malta,Europe,2016,1405395
Malta,Europe,2017,1559427
Malta,Europe,2018,1538318
Malta,Europe,2019,1669145
Malta,Europe,2020,1594903
Marshall Islands,Oceania,2010,135568
Marshall Islands,Oceania,2011,139232
Marshall Islands,Oceania,2012,135568
Marshall Islands,Oceania,2013,139232
Marshall Islands,Oceania,2014,142896
Marshall Islands,Oceania,2015,142896
Marshall Islands,Oceania,2016,142896
Marshall Islands,Oceania,2017,146560
Marshall Islands,Oceania,2018,146560
Marshall Islands,Oceania,2019,151070
Marshall Islands,Oceania,2020,151282
Martinique,North America,2010,2296309
Martinique,North America,2011,2302944
Martinique,North America,2012,2277624
Martinique,North America,2013,2232207
Martinique,North America,2014,2228880
Martinique,North America,2015,2264492
Martinique,North America,2016,2316085
Martinique,North America,2017,2273248
Martinique,North America,2018,2252887
Martinique,North America,2019,2348393
Martinique,North America,2020,2348393
Mauritania,Africa,2010,1960240
Mauritania,Africa,2011,2110464
Mauritania,Africa,2012,2330304
Mauritania,Africa,2013,2044512
Mauritania,Africa,2014,2498848
Mauritania,Africa,2015,2923872
Mauritania,Africa,2016,2535488
Mauritania,Africa,2017,3568736
Mauritania,Africa,2018,3667664
Mauritania,Africa,2019,3698476
Mauritania,Africa,2020,3377180
Mauritius,Africa,2010,3913152
Mauritius,Africa,2011,3916816
Mauritius,Africa,2012,3964448
Mauritius,Africa,2013,4067040
Mauritius,Africa,2014,4206272
Mauritius,Africa,2015,4209936
Mauritius,Africa,2016,4345504
Mauritius,Africa,2017,4536032
Mauritius,Africa,2018,4514048
Mauritius,Africa,2019,4377981
Mauritius,Africa,2020,3979358
Mayotte,Africa,2010,298807
Mayotte,Africa,2011,299670
Mayotte,Africa,2012,296375
Mayotte,Africa,2013,290465
Mayotte,Africa,2014,290033
Mayotte,Africa,2015,294667
Mayotte,Africa,2016,301380
Mayotte,Africa,2017,295806
Mayotte,Africa,2018,293156
Mayotte,Africa,2019,305584
Mayotte,Africa,2020,305584
Mexico,North America,2010,463782514
Mexico,North America,2011,484164841
Mexico,North America,2012,496299580
Mexico,North America,2013,490129670
Mexico,North America,2014,481128786
Mexico,North America,2015,481974591
Mexico,North America,2016,482798052
Mexico,North America,2017,459849151
Mexico,North America,2018,455307901
Mexico,North America,2019,435512388
Mexico,North America,2020,356968119
Micronesia (country),Oceania,2010,102592
Micronesia (country),Oceania,2011,117248
Micronesia (country),Oceania,2012,124576
Micronesia (country),Oceania,2013,135568
Micronesia (country),Oceania,2014,135568
Micronesia (country),Oceania,2015,142896
Micronesia (country),Oceania,2016,142896
Micronesia (country),Oceania,2017,142896
Micronesia (country),Oceania,2018,142896
Micronesia (country),Oceania,2019,147293
Micronesia (country),Oceania,2020,147500
Moldova,Europe,2010,4830905
Moldova,Europe,2011,4944974
Moldova,Europe,2012,4765682
Moldova,Europe,2013,4899358
Moldova,Europe,2014,4758816
Moldova,Europe,2015,4781760
Moldova,Europe,2016,4903671
Moldova,Europe,2017,5220511
Moldova,Europe,2018,5432857
Moldova,Europe,2019,5156188
Moldova,Europe,2020,5146876
Mongolia,Asia,2010,13819950
Mongolia,Asia,2011,21426490
Mongolia,Asia,2012,35030922
Mongolia,Asia,2013,43558789
Mongolia,Asia,2014,29585990
Mongolia,Asia,2015,23243136
Mongolia,Asia,2016,25326724
Mongolia,Asia,2017,34264826
Mongolia,Asia,2018,47537186
Mongolia,Asia,2019,88691326
Mongolia,Asia,2020,88441761
Montenegro,Europe,2010,2421904
Montenegro,Europe,2011,2407248
Montenegro,Europe,2012,2213056
Montenegro,Europe,2013,2150768
Montenegro,Europe,2014,2106800
Montenegro,Europe,2015,2238704
Montenegro,Europe,2016,2015200
Montenegro,Europe,2017,2103136
Montenegro,Europe,2018,2399920
Montenegro,Europe,2019,2644994
Montenegro,Europe,2020,2309894
Montserrat,North America,2010,62288
Montserrat,North America,2011,40304
Montserrat,North America,2012,43968
Montserrat,North America,2013,51296
Montserrat,North America,2014,47632
Montserrat,North America,2015,58624
Montserrat,North America,2016,29312
Montserrat,North America,2017,29312
Montserrat,North America,2018,29312
Montserrat,North America,2019,28610
Montserrat,North America,2020,25318
Morocco,Africa,2010,54365200
Morocco,Africa,2011,54867636
Morocco,Africa,2012,56953540
Morocco,Africa,2013,56606417
Morocco,Africa,2014,57174916
Morocco,Africa,2015,58547495
Morocco,Africa,2016,58457476
Morocco,Africa,2017,61628551
Morocco,Africa,2018,62295068
Morocco,Africa,2019,68216612
Morocco,Africa,2020,64536253
Mozambique,Africa,2010,2634548
Mozambique,Africa,2011,3106628
Mozambique,Africa,2012,2980865
Mozambique,Africa,2013,3575519
Mozambique,Africa,2014,7899233
Mozambique,Africa,2015,6304005
Mozambique,Africa,2016,8154896
Mozambique,Africa,2017,8322881
Mozambique,Africa,2018,6891311
Mozambique,Africa,2019,7287610
Mozambique,Africa,2020,6570936
Myanmar,Asia,2010,13082723
Myanmar,Asia,2011,15068344
Myanmar,Asia,2012,11892871
Myanmar,Asia,2013,12937500
Myanmar,Asia,2014,16169847
Myanmar,Asia,2015,22108664
Myanmar,Asia,2016,25437183
Myanmar,Asia,2017,24767732
Myanmar,Asia,2018,32680027
Myanmar,Asia,2019,36047342
Myanmar,Asia,2020,36325546
Namibia,Africa,2010,3085088
Namibia,Africa,2011,2782096
Namibia,Africa,2012,3355055
Namibia,Africa,2013,2567728
Namibia,Africa,2014,3677997
Namibia,Africa,2015,3851304
Namibia,Africa,2016,4051196
Namibia,Africa,2017,4216153
Namibia,Africa,2018,4076921
Namibia,Africa,2019,4082009
Namibia,Africa,2020,3877243
Nauru,Oceania,2010,43968
Nauru,Oceania,2011,40304
Nauru,Oceania,2012,43968
Nauru,Oceania,2013,47632
Nauru,Oceania,2014,51296
Nauru,Oceania,2015,54960
Nauru,Oceania,2016,51296
Nauru,Oceania,2017,54960
Nauru,Oceania,2018,54960
Nauru,Oceania,2019,56651
Nauru,Oceania,2020,56731
Nepal,Asia,2010,4824304
Nepal,Asia,2011,5220429
Nepal,Asia,2012,5470253
Nepal,Asia,2013,6217840
Nepal,Asia,2014,7591334
Nepal,Asia,2015,6816731
Nepal,Asia,2016,9760014
Nepal,Asia,2017,11647530
Nepal,Asia,2018,13690047
Nepal,Asia,2019,16966544
Nepal,Asia,2020,16957668
Netherlands,Europe,2010,181537586
Netherlands,Europe,2011,168271312
Netherlands,Europe,2012,164700439
Netherlands,Europe,2013,164684571
Netherlands,Europe,2014,157663217
Netherlands,Europe,2015,164199889
Netherlands,Europe,2016,164925247
Netherlands,Europe,2017,162610064
Netherlands,Europe,2018,159020034
Netherlands,Europe,2019,153599982
Netherlands,Europe,2020,138100074
New Caledonia,Oceania,2010,3556595
New Caledonia,Oceania,2011,3539688
New Caledonia,Oceania,2012,3637863
New Caledonia,Oceania,2013,3848731
New Caledonia,Oceania,2014,4873267
New Caledonia,Oceania,2015,4736359
New Caledonia,Oceania,2016,5315237
New Caledonia,Oceania,2017,5345160
New Caledonia,Oceania,2018,5785320
New Caledonia,Oceania,2019,8706294
New Caledonia,Oceania,2020,8692686
New Zealand,Oceania,2010,35031266
New Zealand,Oceania,2011,34497004
New Zealand,Oceania,2012,36137911
New Zealand,Oceania,2013,35304681
New Zealand,Oceania,2014,35531369
New Zealand,Oceania,2015,36071297
New Zealand,Oceania,2016,34304683
New Zealand,Oceania,2017,35854823
New Zealand,Oceania,2018,35789215
New Zealand,Oceania,2019,37494502
New Zealand,Oceania,2020,33475158
Nicaragua,North America,2010,4467845
Nicaragua,North America,2011,4805903
Nicaragua,North America,2012,4546103
Nicaragua,North America,2013,4616400
Nicaragua,North America,2014,4756114
Nicaragua,North America,2015,5430290
Nicaragua,North America,2016,5382658
Nicaragua,North America,2017,5504163
Nicaragua,North America,2018,5280872
Nicaragua,North America,2019,5673088
Nicaragua,North America,2020,5073650
Niger,Africa,2010,1170164
Niger,Africa,2011,1322299
Niger,Africa,2012,1754420
Niger,Africa,2013,1890920
Niger,Africa,2014,2074633
Niger,Africa,2015,2034962
Niger,Africa,2016,2064274
Niger,Africa,2017,2005650
Niger,Africa,2018,1863142
Niger,Africa,2019,1853323
Niger,Africa,2020,1690423
Nigeria,Africa,2010,112314215
Nigeria,Africa,2011,129568735
Nigeria,Africa,2012,116330752
Nigeria,Africa,2013,122098213
Nigeria,Africa,2014,127822805
Nigeria,Africa,2015,113470026
Nigeria,Africa,2016,115821151
Nigeria,Africa,2017,114043392
Nigeria,Africa,2018,127928170
Nigeria,Africa,2019,130104061
Nigeria,Africa,2020,125462961
Niue,Oceania,2010,3664
Niue,Oceania,2011,7328
Niue,Oceania,2012,7328
Niue,Oceania,2013,7328
Niue,Oceania,2014,10992
Niue,Oceania,2015,7328
Niue,Oceania,2016,7328
Niue,Oceania,2017,7328
Niue,Oceania,2018,10992
Niue,Oceania,2019,11330
Niue,Oceania,2020,11346
North Korea,Asia,2010,50022807
North Korea,Asia,2011,36185883
North Korea,Asia,2012,37565141
North Korea,Asia,2013,27013627
North Korea,Asia,2014,30545472
North Korea,Asia,2015,24621411
North Korea,Asia,2016,29412375
North Korea,Asia,2017,21768830
North Korea,Asia,2018,17673845
North Korea,Asia,2019,29379320
North Korea,Asia,2020,29311104
North Macedonia,Europe,2010,8500480
North Macedonia,Europe,2011,9196640
North Macedonia,Europe,2012,8734976
North Macedonia,Europe,2013,7771344
North Macedonia,Europe,2014,7459904
North Macedonia,Europe,2015,7023888
North Macedonia,Europe,2016,6987248
North Macedonia,Europe,2017,7503872
North Macedonia,Europe,2018,7023888
North Macedonia,Europe,2019,7974674
North Macedonia,Europe,2020,7146509
Norway,Europe,2010,45697000
Norway,Europe,2011,44817000
Norway,Europe,2012,44342000
Norway,Europe,2013,44639000
Norway,Europe,2014,45078000
Norway,Europe,2015,45616000
Norway,Europe,2016,44800000
Norway,Europe,2017,44372000
Norway,Europe,2018,44469000
Norway,Europe,2019,42865000
Norway,Europe,2020,41283000
Oman,Asia,2010,46915050
Oman,Asia,2011,53475839
Oman,Asia,2012,58968114
Oman,Asia,2013,61277989
Oman,Asia,2014,60676369
Oman,Asia,2015,61856413
Oman,Asia,2016,60310441
Oman,Asia,2017,65905605
Oman,Asia,2018,60616976
Oman,Asia,2019,60756740
Oman,Asia,2020,62162570
Pakistan,Asia,2010,154145307
Pakistan,Asia,2011,154659589
Pakistan,Asia,2012,153876181
Pakistan,Asia,2013,150450706
Pakistan,Asia,2014,156243128
Pakistan,Asia,2015,169251789
Pakistan,Asia,2016,207018569
Pakistan,Asia,2017,233977568
Pakistan,Asia,2018,238305865
Pakistan,Asia,2019,234288957
Pakistan,Asia,2020,234754740
Palau,Oceania,2010,208848
Palau,Oceania,2011,216176
Palau,Oceania,2012,223504
Palau,Oceania,2013,227168
Palau,Oceania,2014,219840
Palau,Oceania,2015,205184
Palau,Oceania,2016,212512
Palau,Oceania,2017,216176
Palau,Oceania,2018,212512
Palau,Oceania,2019,219051
Palau,Oceania,2020,219358
Palestine,Asia,2010,2033520
Palestine,Asia,2011,2246032
Palestine,Asia,2012,2198400
Palestine,Asia,2013,2436560
Palestine,Asia,2014,2835936
Palestine,Asia,2015,3004480
Palestine,Asia,2016,3231648
Palestine,Asia,2017,3268288
Palestine,Asia,2018,2956848
Palestine,Asia,2019,2985892
Palestine,Asia,2020,2898754
Panama,North America,2010,9072099
Panama,North America,2011,9952930
Panama,North America,2012,9768100
Panama,North America,2013,10513283
Panama,North America,2014,10855411
Panama,North America,2015,10877607
Panama,North America,2016,10555175
Panama,North America,2017,11211974
Panama,North America,2018,10730711
Panama,North America,2019,12293851
Panama,North America,2020,10779522
Papua New Guinea,Oceania,2010,4660608
Papua New Guinea,Oceania,2011,5224920
Papua New Guinea,Oceania,2012,4975712
Papua New Guinea,Oceania,2013,5331120
Papua New Guinea,Oceania,2014,6049264
Papua New Guinea,Oceania,2015,6364322
Papua New Guinea,Oceania,2016,6635504
Papua New Guinea,Oceania,2017,6375360
Papua New Guinea,Oceania,2018,6408336
Papua New Guinea,Oceania,2019,6617732
Papua New Guinea,Oceania,2020,6652121
Paraguay,South America,2010,5021793
Paraguay,South America,2011,5198721
Paraguay,South America,2012,5173286
Paraguay,South America,2013,5172147
Paraguay,South America,2014,5458230
Paraguay,South America,2015,6051014
Paraguay,South America,2016,7182787
Paraguay,South America,2017,8073223
Paraguay,South America,2018,8509239
Paraguay,South America,2019,8524898
Paraguay,South America,2020,7569706
Peru,South America,2010,57173442
Peru,South America,2011,48924089
Peru,South America,2012,54040984
Peru,South America,2013,43062510
Peru,South America,2014,49433706
Peru,South America,2015,49066819
Peru,South America,2016,52719506
Peru,South America,2017,53722054
Peru,South America,2018,54649143
Peru,South America,2019,54977537
Peru,South America,2020,44706055
Philippines,Asia,2010,82952687
Philippines,Asia,2011,83742512
Philippines,Asia,2012,88408213
Philippines,Asia,2013,95794083
Philippines,Asia,2014,101183925
Philippines,Asia,2015,112142406
Philippines,Asia,2016,122237309
Philippines,Asia,2017,134901810
Philippines,Asia,2018,140658221
Philippines,Asia,2019,146614938
Philippines,Asia,2020,136017950
Poland,Europe,2010,334887520
Poland,Europe,2011,334305815
Poland,Europe,2012,326702135
Poland,Europe,2013,322614415
Poland,Europe,2014,310280090
Poland,Europe,2015,313419083
Poland,Europe,2016,324341690
Poland,Europe,2017,337682844
Poland,Europe,2018,336992311
Poland,Europe,2019,319520975
Poland,Europe,2020,299592767
Portugal,Europe,2010,53016778
Portugal,Europe,2011,51814667
Portugal,Europe,2012,49979321
Portugal,Europe,2013,48181541
Portugal,Europe,2014,47961895
Portugal,Europe,2015,52289892
Portugal,Europe,2016,50458265
Portugal,Europe,2017,55230716
Portugal,Europe,2018,51492414
Portugal,Europe,2019,47629084
Portugal,Europe,2020,40387817
Qatar,Asia,2010,71920193
Qatar,Asia,2011,79647666
Qatar,Asia,2012,92303521
Qatar,Asia,2013,82696788
Qatar,Asia,2014,90418581
Qatar,Asia,2015,90137398
Qatar,Asia,2016,88906547
Qatar,Asia,2017,99757241
Qatar,Asia,2018,106926980
Qatar,Asia,2019,115036775
Qatar,Asia,2020,106654967
Reunion,Africa,2010,4486194
Reunion,Africa,2011,4499156
Reunion,Africa,2012,4449690
Reunion,Africa,2013,4360961
Reunion,Africa,2014,4354461
Reunion,Africa,2015,4424034
Reunion,Africa,2016,4524830
Reunion,Africa,2017,4441140
Reunion,Africa,2018,4401362
Reunion,Africa,2019,4587948
Reunion,Africa,2020,4587948
Romania,Europe,2010,77943429
Romania,Europe,2011,86047456
Romania,Europe,2012,83882255
Romania,Europe,2013,74749877
Romania,Europe,2014,75594475
Romania,Europe,2015,76361515
Romania,Europe,2016,74152250
Romania,Europe,2017,77203113
Romania,Europe,2018,77608829
Romania,Europe,2019,74846270
Romania,Europe,2020,71475046
Russia,Europe,2010,1613113034
Russia,Europe,2011,1665206778
Russia,Europe,2012,1680104359
Russia,Europe,2013,1619419684
Russia,Europe,2014,1622588593
Russia,Europe,2015,1623099849
Russia,Europe,2016,1618598940
Russia,Europe,2017,1646456968
Russia,Europe,2018,1691646718
Russia,Europe,2019,1679449327
Russia,Europe,2020,1577136041
Rwanda,Africa,2010,573397
Rwanda,Africa,2011,647022
Rwanda,Africa,2012,718462
Rwanda,Africa,2013,782275
Rwanda,Africa,2014,827155
Rwanda,Africa,2015,919152
Rwanda,Africa,2016,1036390
Rwanda,Africa,2017,1050459
Rwanda,Africa,2018,1142030
Rwanda,Africa,2019,1187416
Rwanda,Africa,2020,1032737
Saint Helena,Africa,2010,10992
Saint Helena,Africa,2011,10992
Saint Helena,Africa,2012,10992
Saint Helena,Africa,2013,10992
Saint Helena,Africa,2014,10992
Saint Helena,Africa,2015,10992
Saint Helena,Africa,2016,14656
Saint Helena,Africa,2017,10992
Saint Helena,Africa,2018,10992
Saint Helena,Africa,2019,10729
Saint Helena,Africa,2020,9494
Saint Kitts and Nevis,North America,2010,219840
Saint Kitts and Nevis,North America,2011,230832
Saint Kitts and Nevis,North America,2012,219840
Saint Kitts and Nevis,North America,2013,223504
Saint Kitts and Nevis,North America,2014,230832
Saint Kitts and Nevis,North America,2015,234496
Saint Kitts and Nevis,North America,2016,238160
Saint Kitts and Nevis,North America,2017,241824
Saint Kitts and Nevis,North America,2018,245488
Saint Kitts and Nevis,North America,2019,239610
Saint Kitts and Nevis,North America,2020,212040
Saint Lucia,North America,2010,487312
Saint Lucia,North America,2011,487312
Saint Lucia,North America,2012,490976
Saint Lucia,North America,2013,487312
Saint Lucia,North America,2014,483648
Saint Lucia,North America,2015,479984
Saint Lucia,North America,2016,487312
Saint Lucia,North America,2017,505632
Saint Lucia,North America,2018,509296
Saint Lucia,North America,2019,497102
Saint Lucia,North America,2020,439905
Saint Pierre and Miquelon,North America,2010,65952
Saint Pierre and Miquelon,North America,2011,65952
Saint Pierre and Miquelon,North America,2012,65952
Saint Pierre and Miquelon,North America,2013,65952
Saint Pierre and Miquelon,North America,2014,65952
Saint Pierre and Miquelon,North America,2015,65952
Saint Pierre and Miquelon,North America,2016,65952
Saint Pierre and Miquelon,North America,2017,65952
Saint Pierre and Miquelon,North America,2018,58624
Saint Pierre and Miquelon,North America,2019,57220
Saint Pierre and Miquelon,North America,2020,50636
Saint Vincent and the Grenadines,North America,2010,219840
Saint Vincent and the Grenadines,North America,2011,216176
Saint Vincent and the Grenadines,North America,2012,230832
Saint Vincent and the Grenadines,North America,2013,219840
Saint Vincent and the Grenadines,North America,2014,252816
Saint Vincent and the Grenadines,North America,2015,234496
Saint Vincent and the Grenadines,North America,2016,241824
Saint Vincent and the Grenadines,North America,2017,216176
Saint Vincent and the Grenadines,North America,2018,241824
Saint Vincent and the Grenadines,North America,2019,236034
Saint Vincent and the Grenadines,North America,2020,208876
Samoa,Oceania,2010,183200
Samoa,Oceania,2011,190528
Samoa,Oceania,2012,186864
Samoa,Oceania,2013,194192
Samoa,Oceania,2014,201520
Samoa,Oceania,2015,227168
Samoa,Oceania,2016,238160
Samoa,Oceania,2017,245488
Samoa,Oceania,2018,238160
Samoa,Oceania,2019,245489
Samoa,Oceania,2020,245833
Sao Tome and Principe,Africa,2010,98928
Sao Tome and Principe,Africa,2011,98928
Sao Tome and Principe,Africa,2012,117248
Sao Tome and Principe,Africa,2013,120912
Sao Tome and Principe,Africa,2014,117248
Sao Tome and Principe,Africa,2015,120912
Sao Tome and Principe,Africa,2016,124576
Sao Tome and Principe,Africa,2017,128240
Sao Tome and Principe,Africa,2018,131904
Sao Tome and Principe,Africa,2019,126263
Sao Tome and Principe,Africa,2020,112744
Saudi Arabia,Asia,2010,517715947
Saudi Arabia,Asia,2011,497659010
Saudi Arabia,Asia,2012,563179493
Saudi Arabia,Asia,2013,540805232
Saudi Arabia,Asia,2014,609205617
Saudi Arabia,Asia,2015,674878168
Saudi Arabia,Asia,2016,639056486
Saudi Arabia,Asia,2017,639377966
Saudi Arabia,Asia,2018,621952743
Saudi Arabia,Asia,2019,622412749
Saudi Arabia,Asia,2020,625507882
Senegal,Africa,2010,6862391
Senegal,Africa,2011,7818837
Senegal,Africa,2012,7362129
Senegal,Africa,2013,7852669
Senegal,Africa,2014,8724360
Senegal,Africa,2015,9845416
Senegal,Africa,2016,10015698
Senegal,Africa,2017,10745803
Senegal,Africa,2018,11330392
Senegal,Africa,2019,11265532
Senegal,Africa,2020,10451209
Serbia,Europe,2010,45696426
Serbia,Europe,2011,48957080
Serbia,Europe,2012,43724476
Serbia,Europe,2013,44545828
Serbia,Europe,2014,37189122
Serbia,Europe,2015,43746096
Serbia,Europe,2016,45034457
Serbia,Europe,2017,45525947
Serbia,Europe,2018,44260984
Serbia,Europe,2019,49337634
Serbia,Europe,2020,43135397
Seychelles,Africa,2010,443344
Seychelles,Africa,2011,406704
Seychelles,Africa,2012,425024
Seychelles,Africa,2013,414032
Seychelles,Africa,2014,461664
Seychelles,Africa,2015,479984
Seychelles,Africa,2016,534944
Seychelles,Africa,2017,556928
Seychelles,Africa,2018,556928
Seychelles,Africa,2019,581093
Seychelles,Africa,2020,491067
Sierra Leone,Africa,2010,542272
Sierra Leone,Africa,2011,710816
Sierra Leone,Africa,2012,831728
Sierra Leone,Africa,2013,1007600
Sierra Leone,Africa,2014,1110192
Sierra Leone,Africa,2015,875696
Sierra Leone,Africa,2016,905008
Sierra Leone,Africa,2017,912336
Sierra Leone,Africa,2018,952640
Sierra Leone,Africa,2019,960643
Sierra Leone,Africa,2020,877190
Singapore,Asia,2010,56619792
Singapore,Asia,2011,30271968
Singapore,Asia,2012,48144960
Singapore,Asia,2013,54366432
Singapore,Asia,2014,55209152
Singapore,Asia,2015,62130448
Singapore,Asia,2016,40274688
Singapore,Asia,2017,39065568
Singapore,Asia,2018,46001520
Singapore,Asia,2019,45705294
Singapore,Asia,2020,45503904
Sint Maarten (Dutch part),North America,2010,463610
Sint Maarten (Dutch part),North America,2011,591438
Sint Maarten (Dutch part),North America,2012,696160
Sint Maarten (Dutch part),North America,2013,714480
Sint Maarten (Dutch part),North America,2014,732800
Sint Maarten (Dutch part),North America,2015,754784
Sint Maarten (Dutch part),North America,2016,762112
Sint Maarten (Dutch part),North America,2017,751120
Sint Maarten (Dutch part),North America,2018,721808
Sint Maarten (Dutch part),North America,2019,704525
Sint Maarten (Dutch part),North America,2020,623462
Slovakia,Europe,2010,38411715
Slovakia,Europe,2011,37999489
Slovakia,Europe,2012,35921155
Slovakia,Europe,2013,35507167
Slovakia,Europe,2014,33591137
Slovakia,Europe,2015,34410632
Slovakia,Europe,2016,34855945
Slovakia,Europe,2017,36030606
Slovakia,Europe,2018,36029541
Slovakia,Europe,2019,33773451
Slovakia,Europe,2020,30730385
Slovenia,Europe,2010,16431818
Slovenia,Europe,2011,16333590
Slovenia,Europe,2012,15736752
Slovenia,Europe,2013,15106405
Slovenia,Europe,2014,13540462
Slovenia,Europe,2015,13622783
Slovenia,Europe,2016,14425252
Slovenia,Europe,2017,14591882
Slovenia,Europe,2018,14493544
Slovenia,Europe,2019,14005901
Slovenia,Europe,2020,12562986
Solomon Islands,Oceania,2010,329760
Solomon Islands,Oceania,2011,344416
Solomon Islands,Oceania,2012,348080
Solomon Islands,Oceania,2013,373728
Solomon Islands,Oceania,2014,329760
Solomon Islands,Oceania,2015,293120
Solomon Islands,Oceania,2016,289456
Solomon Islands,Oceania,2017,285792
Solomon Islands,Oceania,2018,289456
Solomon Islands,Oceania,2019,298363
Solomon Islands,Oceania,2020,298781
Somalia,Africa,2010,611888
Somalia,Africa,2011,611888
Somalia,Africa,2012,608224
Somalia,Africa,2013,630208
Somalia,Africa,2014,630208
Somalia,Africa,2015,630208
Somalia,Africa,2016,637536
Somalia,Africa,2017,637536
Somalia,Africa,2018,637536
Somalia,Africa,2019,665199
Somalia,Africa,2020,562143
South Africa,Africa,2010,466930008
South Africa,Africa,2011,473948952
South Africa,Africa,2012,461138966
South Africa,Africa,2013,455865944
South Africa,Africa,2014,480627936
South Africa,Africa,2015,450571528
South Africa,Africa,2016,464769069
South Africa,Africa,2017,464198740
South Africa,Africa,2018,464192622
South Africa,Africa,2019,475922616
South Africa,Africa,2020,451957087
South Korea,Asia,2010,595589920
South Korea,Asia,2011,624550333
South Korea,Asia,2012,628935863
South Korea,Asia,2013,635791455
South Korea,Asia,2014,630594627
South Korea,Asia,2015,635213614
South Korea,Asia,2016,639258641
South Korea,Asia,2017,655747114
South Korea,Asia,2018,671630709
South Korea,Asia,2019,648024558
South Korea,Asia,2020,597605055
South Sudan,Africa,2010,1313250
South Sudan,Africa,2011,1281212
South Sudan,Africa,2012,1330032
South Sudan,Africa,2013,1443616
South Sudan,Africa,2014,1524224
South Sudan,Africa,2015,1912608
South Sudan,Africa,2016,1703760
South Sudan,Africa,2017,1454608
South Sudan,Africa,2018,1337360
South Sudan,Africa,2019,1395388
South Sudan,Africa,2020,1179207
Spain,Europe,2010,283872713
Spain,Europe,2011,284729530
Spain,Europe,2012,278963927
Spain,Europe,2013,252726123
Spain,Europe,2014,255067902
Spain,Europe,2015,271694203
Spain,Europe,2016,260757956
Spain,Europe,2017,274641963
Spain,Europe,2018,269713437
Spain,Europe,2019,251498499
Spain,Europe,2020,208914968
Sri Lanka,Asia,2010,13050987
Sri Lanka,Asia,2011,14886152
Sri Lanka,Asia,2012,15798102
Sri Lanka,Asia,2013,14679056
Sri Lanka,Asia,2014,17690987
Sri Lanka,Asia,2015,19830283
Sri Lanka,Asia,2016,23027101
Sri Lanka,Asia,2017,23030453
Sri Lanka,Asia,2018,20998382
Sri Lanka,Asia,2019,22824893
Sri Lanka,Asia,2020,21106254
Sudan,Africa,2010,14397601
Sudan,Africa,2011,14016871
Sudan,Africa,2012,14538701
Sudan,Africa,2013,16175480
Sudan,Africa,2014,16644807
Sudan,Africa,2015,20162632
Sudan,Africa,2016,19311333
Sudan,Africa,2017,21714917
Sudan,Africa,2018,21179973
Sudan,Africa,2019,22031477
Sudan,Africa,2020,18859244
Suriname,South America,2010,2395704
Suriname,South America,2011,2179800
Suriname,South America,2012,2634976
Suriname,South America,2013,2744348
Suriname,South America,2014,2808578
Suriname,South America,2015,2702357
Suriname,South America,2016,2275902
Suriname,South America,2017,2474054
Suriname,South America,2018,2514342
Suriname,South America,2019,2520260
Suriname,South America,2020,2224178
Sweden,Europe,2010,53126353
Sweden,Europe,2011,49257269
Sweden,Europe,2012,46773851
Sweden,Europe,2013,45205996
Sweden,Europe,2014,43335944
Sweden,Europe,2015,43602601
Sweden,Europe,2016,43262009
Sweden,Europe,2017,42593728
Sweden,Europe,2018,42095408
Sweden,Europe,2019,40936867
Sweden,Europe,2020,38634794
Switzerland,Europe,2010,45049377
Switzerland,Europe,2011,40985444
Switzerland,Europe,2012,42254632
Switzerland,Europe,2013,43185681
Switzerland,Europe,2014,39231220
Switzerland,Europe,2015,38731004
Switzerland,Europe,2016,39192544
Switzerland,Europe,2017,38182513
Switzerland,Europe,2018,36867631
Switzerland,Europe,2019,36741865
Switzerland,Europe,2020,32298333
Syria,Asia,2010,60716515
Syria,Asia,2011,57784694
Syria,Asia,2012,47230831
Syria,Asia,2013,34233685
Syria,Asia,2014,30841237
Syria,Asia,2015,28162773
Syria,Asia,2016,29079394
Syria,Asia,2017,32050898
Syria,Asia,2018,30365540
Syria,Asia,2019,31008655
Syria,Asia,2020,30531928
Taiwan,Asia,2010,270148000
Taiwan,Asia,2011,276283000
Taiwan,Asia,2012,272756000
Taiwan,Asia,2013,273797000
Taiwan,Asia,2014,276311000
Taiwan,Asia,2015,275836000
Taiwan,Asia,2016,279705000
Taiwan,Asia,2017,284812000
Taiwan,Asia,2018,282843000
Taiwan,Asia,2019,275333035
Taiwan,Asia,2020,273174653
Tajikistan,Asia,2010,2536415
Tajikistan,Asia,2011,2340736
Tajikistan,Asia,2012,2933412
Tajikistan,Asia,2013,2906893
Tajikistan,Asia,2014,4600122
Tajikistan,Asia,2015,5302282
Tajikistan,Asia,2016,6439912
Tajikistan,Asia,2017,7865014
Tajikistan,Asia,2018,9107618
Tajikistan,Asia,2019,8634131
Tajikistan,Asia,2020,9447656
Tanzania,Africa,2010,6926654
Tanzania,Africa,2011,7751513
Tanzania,Africa,2012,9061880
Tanzania,Africa,2013,9908632
Tanzania,Africa,2014,9900388
Tanzania,Africa,2015,10638599
Tanzania,Africa,2016,10873052
Tanzania,Africa,2017,11406687
Tanzania,Africa,2018,11790770
Tanzania,Africa,2019,12042585
Tanzania,Africa,2020,10938632
Thailand,Asia,2010,255404865
Thailand,Asia,2011,253612185
Thailand,Asia,2012,270267908
Thailand,Asia,2013,287597656
Thailand,Asia,2014,282648370
Thailand,Asia,2015,285687648
Thailand,Asia,2016,283434535
Thailand,Asia,2017,285959563
Thailand,Asia,2018,276176956
Thailand,Asia,2019,271624559
Thailand,Asia,2020,257765782
Timor,Asia,2010,234496
Timor,Asia,2011,245488
Timor,Asia,2012,293120
Timor,Asia,2013,542272
Timor,Asia,2014,608224
Timor,Asia,2015,600896
Timor,Asia,2016,494640
Timor,Asia,2017,498304
Timor,Asia,2018,509296
Timor,Asia,2019,524968
Timor,Asia,2020,525704
Togo,Africa,2010,2595698
Togo,Africa,2011,2503920
Togo,Africa,2012,2215629
Togo,Africa,2013,1642552
Togo,Africa,2014,1541898
Togo,Africa,2015,1865704
Togo,Africa,2016,2306416
Togo,Africa,2017,2210120
Togo,Africa,2018,2290044
Togo,Africa,2019,2305160
Togo,Africa,2020,2191571
Tonga,Oceania,2010,117248
Tonga,Oceania,2011,102592
Tonga,Oceania,2012,106256
Tonga,Oceania,2013,113584
Tonga,Oceania,2014,113584
Tonga,Oceania,2015,120912
Tonga,Oceania,2016,128240
Tonga,Oceania,2017,157552
Tonga,Oceania,2018,139232
Tonga,Oceania,2019,143516
Tonga,Oceania,2020,143718
Trinidad and Tobago,South America,2010,46957412
Trinidad and Tobago,South America,2011,46680091
Trinidad and Tobago,South America,2012,45555809
Trinidad and Tobago,South America,2013,45235944
Trinidad and Tobago,South America,2014,46344356
Trinidad and Tobago,South America,2015,45121718
Trinidad and Tobago,South America,2016,40052240
Trinidad and Tobago,South America,2017,39948219
Trinidad and Tobago,South America,2018,40475386
Trinidad and Tobago,South America,2019,40378454
Trinidad and Tobago,South America,2020,35509414
Tunisia,Africa,2010,27101189
Tunisia,Africa,2011,25526012
Tunisia,Africa,2012,26305893
Tunisia,Africa,2013,26864333
Tunisia,Africa,2014,27893503
Tunisia,Africa,2015,29271750
Tunisia,Africa,2016,29007769
Tunisia,Africa,2017,29231486
Tunisia,Africa,2018,29362809
Tunisia,Africa,2019,30010549
Tunisia,Africa,2020,28126702
Turkmenistan,Asia,2010,57110036
Turkmenistan,Asia,2011,62182860
Turkmenistan,Asia,2012,64533895
Turkmenistan,Asia,2013,66375300
Turkmenistan,Asia,2014,68033300
Turkmenistan,Asia,2015,70230457
Turkmenistan,Asia,2016,70163883
Turkmenistan,Asia,2017,70231356
Turkmenistan,Asia,2018,70446995
Turkmenistan,Asia,2019,76318525
Turkmenistan,Asia,2020,75337709
Turks and Caicos Islands,North America,2010,183200
Turks and Caicos Islands,North America,2011,183200
Turks and Caicos Islands,North America,2012,183200
Turks and Caicos Islands,North America,2013,186864
Turks and Caicos Islands,North America,2014,197856
Turks and Caicos Islands,North America,2015,205184
Turks and Caicos Islands,North America,2016,216176
Turks and Caicos Islands,North America,2017,230832
Turks and Caicos Islands,North America,2018,234496
Turks and Caicos Islands,North America,2019,228881
Turks and Caicos Islands,North America,2020,202546
Tuvalu,Oceania,2010,10992
Tuvalu,Oceania,2011,10992
Tuvalu,Oceania,2012,10992
Tuvalu,Oceania,2013,10992
Tuvalu,Oceania,2014,7328
Tuvalu,Oceania,2015,7328
Tuvalu,Oceania,2016,7328
Tuvalu,Oceania,2017,7328
Tuvalu,Oceania,2018,7328
Tuvalu,Oceania,2019,7553
Tuvalu,Oceania,2020,7564
Uganda,Africa,2010,3569619
Uganda,Africa,2011,3824069
Uganda,Africa,2012,3626987
Uganda,Africa,2013,3754530
Uganda,Africa,2014,4089666
Uganda,Africa,2015,4525570
Uganda,Africa,2016,4790337
Uganda,Africa,2017,5373509
Uganda,Africa,2018,5498383
Uganda,Africa,2019,5720797
Uganda,Africa,2020,4892203
Ukraine,Europe,2010,294078322
Ukraine,Europe,2011,307952841
Ukraine,Europe,2012,303976430
Ukraine,Europe,2013,297249639
Ukraine,Europe,2014,257508606
Ukraine,Europe,2015,223822115
Ukraine,Europe,2016,234005955
Ukraine,Europe,2017,223084976
Ukraine,Europe,2018,232032926
Ukraine,Europe,2019,222579323
Ukraine,Europe,2020,213908873
United Arab Emirates,Asia,2010,180621656
United Arab Emirates,Asia,2011,192991346
United Arab Emirates,Asia,2012,201548069
United Arab Emirates,Asia,2013,205390401
United Arab Emirates,Asia,2014,201927104
United Arab Emirates,Asia,2015,216583104
United Arab Emirates,Asia,2016,214666772
United Arab Emirates,Asia,2017,168831314
United Arab Emirates,Asia,2018,154203574
United Arab Emirates,Asia,2019,154185760
United Arab Emirates,Asia,2020,150268152
United Kingdom,Europe,2010,511631630
United Kingdom,Europe,2011,469453672
United Kingdom,Europe,2012,487516555
United Kingdom,Europe,2013,477387488
United Kingdom,Europe,2014,438540999
United Kingdom,Europe,2015,422340107
United Kingdom,Europe,2016,399337394
United Kingdom,Europe,2017,387565181
United Kingdom,Europe,2018,381889659
United Kingdom,Europe,2019,369009693
United Kingdom,Europe,2020,329578911
United States,North America,2010,5675786435
United States,North America,2011,5540173478
United States,North America,2012,5338698344
United States,North America,2013,5474256770
United States,North America,2014,5522807202
United States,North America,2015,5371770557
United States,North America,2016,5248023931
United States,North America,2017,5207751278
United States,North America,2018,5375490614
United States,North America,2019,5255816207
United States,North America,2020,4712770573
Uruguay,South America,2010,6297960
Uruguay,South America,2011,7652644
Uruguay,South America,2012,8591791
Uruguay,South America,2013,7492373
Uruguay,South America,2014,6684323
Uruguay,South America,2015,6725465
Uruguay,South America,2016,6520440
Uruguay,South America,2017,6162573
Uruguay,South America,2018,6570970
Uruguay,South America,2019,6583985
Uruguay,South America,2020,5840060
Uzbekistan,Asia,2010,103336000
Uzbekistan,Asia,2011,112704612
Uzbekistan,Asia,2012,114891110
Uzbekistan,Asia,2013,109473193
Uzbekistan,Asia,2014,104953028
Uzbekistan,Asia,2015,101412072
Uzbekistan,Asia,2016,108168748
Uzbekistan,Asia,2017,107153232
Uzbekistan,Asia,2018,114732232
Uzbekistan,Asia,2019,114198988
Uzbekistan,Asia,2020,112784345
Vanuatu,Oceania,2010,120912
Vanuatu,Oceania,2011,131904
Vanuatu,Oceania,2012,113584
Vanuatu,Oceania,2013,106256
Vanuatu,Oceania,2014,153888
Vanuatu,Oceania,2015,131904
Vanuatu,Oceania,2016,146560
Vanuatu,Oceania,2017,139232
Vanuatu,Oceania,2018,175872
Vanuatu,Oceania,2019,181284
Vanuatu,Oceania,2020,181538
Venezuela,South America,2010,184084056
Venezuela,South America,2011,175944973
Venezuela,South America,2012,182224419
Venezuela,South America,2013,207424913
Venezuela,South America,2014,186708214
Venezuela,South America,2015,180124211
Venezuela,South America,2016,169476933
Venezuela,South America,2017,161535508
Venezuela,South America,2018,120176685
Venezuela,South America,2019,99175323
Venezuela,South America,2020,84609478
Vietnam,Asia,2010,138585135
Vietnam,Asia,2011,151230628
Vietnam,Asia,2012,142552003
Vietnam,Asia,2013,149220090
Vietnam,Asia,2014,169006166
Vietnam,Asia,2015,193003686
Vietnam,Asia,2016,192765567
Vietnam,Asia,2017,195249310
Vietnam,Asia,2018,223717789
Vietnam,Asia,2019,260312093
Vietnam,Asia,2020,254303169
Wallis and Futuna,Oceania,2010,29312
Wallis and Futuna,Oceania,2011,25648
Wallis and Futuna,Oceania,2012,25648
Wallis and Futuna,Oceania,2013,21984
Wallis and Futuna,Oceania,2014,21984
Wallis and Futuna,Oceania,2015,21984
Wallis and Futuna,Oceania,2016,25648
Wallis and Futuna,Oceania,2017,25648
Wallis and Futuna,Oceania,2018,25648
Wallis and Futuna,Oceania,2019,26437
Wallis and Futuna,Oceania,2020,26474
Yemen,Asia,2010,23150591
Yemen,Asia,2011,20190194
Yemen,Asia,2012,18268332
Yemen,Asia,2013,24976297
Yemen,Asia,2014,24215664
Yemen,Asia,2015,12806287
Yemen,Asia,2016,10426915
Yemen,Asia,2017,9950980
Yemen,Asia,2018,9983747
Yemen,Asia,2019,10020408
Yemen,Asia,2020,9768313
Zambia,Africa,2010,3120300
Zambia,Africa,2011,3372367
Zambia,Africa,2012,4165843
Zambia,Africa,2013,4416159
Zambia,Africa,2014,4876557
Zambia,Africa,2015,5097951
Zambia,Africa,2016,5659098
Zambia,Africa,2017,6517240
Zambia,Africa,2018,7313113
Zambia,Africa,2019,7047207
Zambia,Africa,2020,6572938
Zimbabwe,Africa,2010,7878316
Zimbabwe,Africa,2011,9743983
Zimbabwe,Africa,2012,7882889
Zimbabwe,Africa,2013,11836254
Zimbabwe,Africa,2014,11905687
Zimbabwe,Africa,2015,12225821
Zimbabwe,Africa,2016,10737567
Zimbabwe,Africa,2017,9581633
Zimbabwe,Africa,2018,11854367
Zimbabwe,Africa,2019,10949084
Zimbabwe,Africa,2020,10531342