Country,Region,Year,Annual CO2 emissions,Sea Levels (mm)
Afghanistan,Asia,2010,8397779,38.78
Afghanistan,Asia,2011,12105788,37.35
Afghanistan,Asia,2012,10218514,34.2
Afghanistan,Asia,2013,8440766,44.8
Afghanistan,Asia,2014,7774340,41.27
Afghanistan,Asia,2015,7904133,53.26
Afghanistan,Asia,2016,6744628,58.72
Afghanistan,Asia,2017,6859825,54.96
Afghanistan,Asia,2018,8344829,49.37
Afghanistan,Asia,2019,12146674,56.61
Afghanistan,Asia,2020,12160286,68.81
Albania,Europe,2010,4448096,38.78
Albania,Europe,2011,5030672,37.35
Albania,Europe,2012,4667936,34.2
Albania,Europe,2013,4928080,44.8
Albania,Europe,2014,5620576,41.27
Albania,Europe,2015,4495728,53.26
Albania,Europe,2016,4492064,58.72
Albania,Europe,2017,5301808,54.96
Albania,Europe,2018,4733888,49.37
Albania,Europe,2019,4863450,56.61
Albania,Europe,2020,4534673,68.81
Algeria,Africa,2010,117813010,38.78
Algeria,Africa,2011,119807538,37.35
Algeria,Africa,2012,128110556,34.2
Algeria,Africa,2013,132435012,44.8
Algeria,Africa,2014,142528719,41.27
Algeria,Africa,2015,149682942,53.26
Algeria,Africa,2016,148928670,58.72
Algeria,Africa,2017,154935572,54.96
Algeria,Africa,2018,161486543,49.37
Algeria,Africa,2019,166641950,56.61
Algeria,Africa,2020,154995460,68.81
Andorra,Europe,2010,516624,38.78
Andorra,Europe,2011,490976,37.35
Andorra,Europe,2012,487312,34.2
Andorra,Europe,2013,476320,44.8
Andorra,Europe,2014,461664,41.27
Andorra,Europe,2015,465328,53.26
Andorra,Europe,2016,468992,58.72
Andorra,Europe,2017,465328,54.96
Andorra,Europe,2018,494640,49.37
Andorra,Europe,2019,501848,56.61
Andorra,Europe,2020,466294,68.81
Angola,Africa,2010,28864503,38.78
Angola,Africa,2011,30329742,37.35
Angola,Africa,2012,33800624,34.2
Angola,Africa,2013,33228583,44.8
Angola,Africa,2014,33296311,41.27
Angola,Africa,2015,33621246,53.26
Angola,Africa,2016,31403799,58.72
Angola,Africa,2017,28420359,54.96
Angola,Africa,2018,24375801,49.37
Angola,Africa,2019,23486822,56.61
Angola,Africa,2020,22198161,68.81
Anguilla,North America,2010,150224,38.78
Anguilla,North America,2011,142896,37.35
Anguilla,North America,2012,142896,34.2
Anguilla,North America,2013,117248,44.8
Anguilla,North America,2014,139232,41.27
Anguilla,North America,2015,153888,53.26
Anguilla,North America,2016,153888,58.72
Anguilla,North America,2017,142896,54.96
Anguilla,North America,2018,142896,49.37
Anguilla,North America,2019,139475,56.61
Anguilla,North America,2020,123426,68.81
Antigua and Barbuda,North America,2010,454336,38.78
Antigua and Barbuda,North America,2011,443344,37.35
Antigua and Barbuda,North America,2012,458000,34.2
Antigua and Barbuda,North America,2013,461664,44.8
Antigua and Barbuda,North America,2014,461664,41.27
Antigua and Barbuda,North America,2015,479984,53.26
Antigua and Barbuda,North America,2016,490976,58.72
Antigua and Barbuda,North America,2017,490976,54.96
Antigua and Barbuda,North America,2018,498304,49.37
Antigua and Barbuda,North America,2019,486373,56.61
Antigua and Barbuda,North America,2020,430410,68.81
Argentina,South America,2010,186733136,38.78
Argentina,South America,2011,190273774,37.35
Argentina,South America,2012,191714848,34.2
Argentina,South America,2013,190133373,44.8
Argentina,South America,2014,188657102,41.27
Argentina,South America,2015,192405960,53.26
Argentina,South America,2016,190977194,58.72
Argentina,South America,2017,187804729,54.96
Argentina,South America,2018,181099627,49.37
Argentina,South America,2019,167565587,56.61
Argentina,South America,2020,156978063,68.81
Armenia,Asia,2010,4252750,38.78
Armenia,Asia,2011,4968878,37.35
Armenia,Asia,2012,5748252,34.2
Armenia,Asia,2013,5535004,44.8
Armenia,Asia,2014,5604113,41.27
Armenia,Asia,2015,5469323,53.26
Armenia,Asia,2016,5203013,58.72
Armenia,Asia,2017,5536589,54.96
Armenia,Asia,2018,5825786,49.37
Armenia,Asia,2019,5528755,56.61
Armenia,Asia,2020,5890292,68.81
Aruba,South America,2010,2506176,38.78
Aruba,South America,2011,2498848,37.35
Aruba,South America,2012,1348352,34.2
Aruba,South America,2013,861040,44.8
Aruba,South America,2014,872032,41.27
Aruba,South America,2015,897680,53.26
Aruba,South America,2016,883024,58.72
Aruba,South America,2017,890352,54.96
Aruba,South America,2018,872032,49.37
Aruba,South America,2019,851153,56.61
Aruba,South America,2020,753218,68.81
Australia,Oceania,2010,404533220,38.78
Australia,Oceania,2011,405343883,37.35
Australia,Oceania,2012,402665844,34.2
Australia,Oceania,2013,393170619,44.8
Australia,Oceania,2014,399253746,41.27
Australia,Oceania,2015,403279411,53.26
Australia,Oceania,2016,415945172,58.72
Australia,Oceania,2017,414751197,54.96
Australia,Oceania,2018,416001157,49.37
Australia,Oceania,2019,414516833,56.61
Australia,Oceania,2020,391891928,68.81
Austria,Europe,2010,72000290,38.78
Austria,Europe,2011,69888739,37.35
Austria,Europe,2012,67263274,34.2
Austria,Europe,2013,67758606,44.8
Austria,Europe,2014,64160937,41.27
Austria,Europe,2015,66351619,53.26
Austria,Europe,2016,67215457,58.72
Austria,Europe,2017,69598854,54.96
Austria,Europe,2018,66565408,49.37
Austria,Europe,2019,67962416,56.61
Austria,Europe,2020,60634876,68.81
Bahamas,North America,2010,1901616,38.78
Bahamas,North America,2011,2114128,37.35
Bahamas,North America,2012,2311984,34.2
Bahamas,North America,2013,2704032,44.8
Bahamas,North America,2014,2429232,41.27
Bahamas,North America,2015,2136112,53.26
Bahamas,North America,2016,1978560,58.72
Bahamas,North America,2017,2095808,54.96
Bahamas,North America,2018,2700368,49.37
Bahamas,North America,2019,2637810,56.61
Bahamas,North America,2020,2337684,68.81
Bahrain,Asia,2010,29075435,38.78
Bahrain,Asia,2011,28467646,37.35
Bahrain,Asia,2012,27018877,34.2
Bahrain,Asia,2013,30999524,44.8
Bahrain,Asia,2014,30817608,41.27
Bahrain,Asia,2015,32470072,53.26
Bahrain,Asia,2016,31372822,58.72
Bahrain,Asia,2017,32591220,54.96
Bahrain,Asia,2018,32609540,49.37
Bahrain,Asia,2019,34439053,56.61
Bahrain,Asia,2020,34960075,68.81
Bangladesh,Asia,2010,53991553,38.78
Bangladesh,Asia,2011,56556344,37.35
Bangladesh,Asia,2012,60691320,34.2
Bangladesh,Asia,2013,61781665,44.8
Bangladesh,Asia,2014,65978638,41.27
Bangladesh,Asia,2015,73277248,53.26
Bangladesh,Asia,2016,76477097,58.72
Bangladesh,Asia,2017,80943513,54.96
Bangladesh,Asia,2018,82599936,49.37
Bangladesh,Asia,2019,94215024,56.61
Bangladesh,Asia,2020,92841625,68.81
Barbados,North America,2010,1464008,38.78
Barbados,North America,2011,1516527,37.35
Barbados,North America,2012,1459119,34.2
Barbados,North America,2013,1437240,44.8
Barbados,North America,2014,1261185,41.27
Barbados,North America,2015,1261368,53.26
Barbados,North America,2016,1283352,58.72
Barbados,North America,2017,1169768,54.96
Barbados,North America,2018,1235544,49.37
Barbados,North America,2019,1215299,56.61
Barbados,North America,2020,1086743,68.81
Belarus,Europe,2010,62774838,38.78
Belarus,Europe,2011,61628921,37.35
Belarus,Europe,2012,62674221,34.2
Belarus,Europe,2013,63237300,44.8
Belarus,Europe,2014,62608774,41.27
Belarus,Europe,2015,58037502,53.26
Belarus,Europe,2016,59851417,58.72
Belarus,Europe,2017,60115689,54.96
Belarus,Europe,2018,60961760,49.37
Belarus,Europe,2019,61022455,56.61
Belarus,Europe,2020,57445417,68.81
Belgium,Europe,2010,114543697,38.78
Belgium,Europe,2011,105025678,37.35
Belgium,Europe,2012,102385920,34.2
Belgium,Europe,2013,102652455,44.8
Belgium,Europe,2014,96867692,41.27
Belgium,Europe,2015,101055514,53.26
Belgium,Europe,2016,99872138,58.72
Belgium,Europe,2017,99448135,54.96
Belgium,Europe,2018,100227169,49.37
Belgium,Europe,2019,99745782,56.61
Belgium,Europe,2020,83748962,68.81
Belize,North America,2010,538608,38.78
Belize,North America,2011,553264,37.35
Belize,North America,2012,450672,34.2
Belize,North America,2013,439680,44.8
Belize,North America,2014,468992,41.27
Belize,North America,2015,641200,53.26
Belize,North America,2016,622880,58.72
Belize,North America,2017,615552,54.96
Belize,North America,2018,604560,49.37
Belize,North America,2019,658381,56.61
Belize,North America,2020,582795,68.81
Benin,Africa,2010,4679390,38.78
Benin,Africa,2011,4479719,37.35
Benin,Africa,2012,4402539,34.2
Benin,Africa,2013,4565975,44.8
Benin,Africa,2014,4796000,41.27
Benin,Africa,2015,5325566,53.26
Benin,Africa,2016,6600270,58.72
Benin,Africa,2017,6937710,54.96
Benin,Africa,2018,7254633,49.37
Benin,Africa,2019,7315116,56.61
Benin,Africa,2020,6702765,68.81
Bermuda,North America,2010,608224,38.78
Bermuda,North America,2011,443344,37.35
Bermuda,North America,2012,366400,34.2
Bermuda,North America,2013,534944,44.8
Bermuda,North America,2014,670512,41.27
Bermuda,North America,2015,538608,53.26
Bermuda,North America,2016,619216,58.72
Bermuda,North America,2017,630208,54.96
Bermuda,North America,2018,710816,49.37
Bermuda,North America,2019,697992,56.61
Bermuda,North America,2020,624448,68.81
Bhutan,Asia,2010,464723,38.78
Bhutan,Asia,2011,667430,37.35
Bhutan,Asia,2012,772722,34.2
Bhutan,Asia,2013,852780,44.8
Bhutan,Asia,2014,948481,41.27
Bhutan,Asia,2015,965039,53.26
Bhutan,Asia,2016,1156296,58.72
Bhutan,Asia,2017,1238841,54.96
Bhutan,Asia,2018,1435932,49.37
Bhutan,Asia,2019,1927478,56.61
Bhutan,Asia,2020,1925367,68.81
Bolivia,South America,2010,15425964,38.78
Bolivia,South America,2011,16992416,37.35
Bolivia,South America,2012,17778914,34.2
Bolivia,South America,2013,19093870,44.8
Bolivia,South America,2014,20716717,41.27
Bolivia,South America,2015,21277669,53.26
Bolivia,South America,2016,22795497,58.72
Bolivia,South America,2017,23561768,54.96
Bolivia,South America,2018,23855821,49.37
Bolivia,South America,2019,23847714,56.61
Bolivia,South America,2020,20700023,68.81
Bonaire Sint Eustatius and Saba,South America,2010,207404,38.78
Bonaire Sint Eustatius and Saba,South America,2011,264591,37.35
Bonaire Sint Eustatius and Saba,South America,2012,311440,34.2
Bonaire Sint Eustatius and Saba,South America,2013,322432,44.8
Bonaire Sint Eustatius and Saba,South America,2014,322432,41.27
Bonaire Sint Eustatius and Saba,South America,2015,326096,53.26
Bonaire Sint Eustatius and Saba,South America,2016,337088,58.72
Bonaire Sint Eustatius and Saba,South America,2017,348080,54.96
Bonaire Sint Eustatius and Saba,South America,2018,348080,49.37
Bonaire Sint Eustatius and Saba,South America,2019,339746,56.61
Bonaire Sint Eustatius and Saba,South America,2020,300654,68.81
Bosnia and Herzegovina,Europe,2010,21145704,38.78
Bosnia and Herzegovina,Europe,2011,23761289,37.35
Bosnia and Herzegovina,Europe,2012,22134174,34.2
Bosnia and Herzegovina,Europe,2013,21801049,44.8
Bosnia and Herzegovina,Europe,2014,19311786,41.27
Bosnia and Herzegovina,Europe,2015,18460491,53.26
Bosnia and Herzegovina,Europe,2016,21734016,58.72
Bosnia and Herzegovina,Europe,2017,21819086,54.96
Bosnia and Herzegovina,Europe,2018,22075036,49.37
Bosnia and Herzegovina,Europe,2019,24846861,56.61
Bosnia and Herzegovina,Europe,2020,21417961,68.81
Botswana,Africa,2010,4537275,38.78
Botswana,Africa,2011,4028802,37.35
Botswana,Africa,2012,5076711,34.2
Botswana,Africa,2013,5663055,44.8
Botswana,Africa,2014,6850164,41.27
Botswana,Africa,2015,5424868,53.26
Botswana,Africa,2016,6333540,58.72
Botswana,Africa,2017,7059012,54.96
Botswana,Africa,2018,7561368,49.37
Botswana,Africa,2019,6924791,56.61
Botswana,Africa,2020,6518934,68.81
Brazil,South America,2010,440269000,38.78
Brazil,South America,2011,462580000,37.35
Brazil,South America,2012,498309000,34.2
Brazil,South America,2013,532418000,44.8
Brazil,South America,2014,557901000,41.27
Brazil,South America,2015,529353000,53.26
Brazil,South America,2016,492748000,58.72
Brazil,South America,2017,500757715,54.96
Brazil,South America,2018,483685288,49.37
Brazil,South America,2019,485793146,56.61
Brazil,South America,2020,467383500,68.81
British Virgin Islands,North America,2010,197856,38.78
British Virgin Islands,North America,2011,201520,37.35
British Virgin Islands,North America,2012,201520,34.2
British Virgin Islands,North America,2013,201520,44.8
British Virgin Islands,North America,2014,212512,41.27
British Virgin Islands,North America,2015,212512,53.26
British Virgin Islands,North America,2016,212512,58.72
British Virgin Islands,North America,2017,168544,54.96
British Virgin Islands,North America,2018,161216,49.37
British Virgin Islands,North America,2019,157356,56.61
British Virgin Islands,North America,2020,139250,68.81
Brunei,Asia,2010,8060800,38.78
Brunei,Asia,2011,9544720,37.35
Brunei,Asia,2012,9493476,34.2
Brunei,Asia,2013,7628448,44.8
Brunei,Asia,2014,8925504,41.27
Brunei,Asia,2015,6954272,53.26
Brunei,Asia,2016,7544129,58.72
Brunei,Asia,2017,9552048,54.96
Brunei,Asia,2018,9592352,49.37
Brunei,Asia,2019,9958114,56.61
Brunei,Asia,2020,10158494,68.81
Bulgaria,Europe,2010,47860746,38.78
Bulgaria,Europe,2011,53176425,37.35
Bulgaria,Europe,2012,48340677,34.2
Bulgaria,Europe,2013,42680429,44.8
Bulgaria,Europe,2014,45216885,41.27
Bulgaria,Europe,2015,48275619,53.26
Bulgaria,Europe,2016,45502398,58.72
Bulgaria,Europe,2017,47582294,54.96
Bulgaria,Europe,2018,43637529,49.37
Bulgaria,Europe,2019,42222519,56.61
Bulgaria,Europe,2020,37444110,68.81
Burkina Faso,Africa,2010,2036372,38.78
Burkina Faso,Africa,2011,2130933,37.35
Burkina Faso,Africa,2012,2618914,34.2
Burkina Faso,Africa,2013,2863840,44.8
Burkina Faso,Africa,2014,2911488,41.27
Burkina Faso,Africa,2015,3296919,53.26
Burkina Faso,Africa,2016,3380872,58.72
Burkina Faso,Africa,2017,3937800,54.96
Burkina Faso,Africa,2018,4300747,49.37
Burkina Faso,Africa,2019,4335868,56.61
Burkina Faso,Africa,2020,3969636,68.81
Burundi,Africa,2010,296784,38.78
Burundi,Africa,2011,354138,37.35
Burundi,Africa,2012,379170,34.2
Burundi,Africa,2013,397996,44.8
Burundi,Africa,2014,374917,41.27
Burundi,Africa,2015,390866,53.26
Burundi,Africa,2016,467437,58.72
Burundi,Africa,2017,530397,54.96
Burundi,Africa,2018,679317,49.37
Burundi,Africa,2019,704031,56.61
Burundi,Africa,2020,602181,68.81
Cambodia,Asia,2010,5100364,38.78
Cambodia,Asia,2011,5194090,37.35
Cambodia,Asia,2012,5451440,34.2
Cambodia,Asia,2013,5578106,44.8
Cambodia,Asia,2014,6493802,41.27
Cambodia,Asia,2015,8526534,53.26
Cambodia,Asia,2016,10533328,58.72
Cambodia,Asia,2017,12874906,54.96
Cambodia,Asia,2018,12878613,49.37
Cambodia,Asia,2019,15329057,56.61
Cambodia,Asia,2020,15325618,68.81
Cameroon,Africa,2010,6662047,38.78
Cameroon,Africa,2011,6520807,37.35
Cameroon,Africa,2012,6159371,34.2
Cameroon,Africa,2013,5070387,44.8
Cameroon,Africa,2014,6849789,41.27
Cameroon,Africa,2015,7746169,53.26
Cameroon,Africa,2016,7815194,58.72
Cameroon,Africa,2017,7698500,54.96
Cameroon,Africa,2018,7931958,49.37
Cameroon,Africa,2019,7397993,56.61
Cameroon,Africa,2020,6889318,68.81
Canada,North America,2010,558804007,38.78
Canada,North America,2011,569870198,37.35
Canada,North America,2012,569262731,34.2
Canada,North America,2013,573698737,44.8
Canada,North America,2014,570563417,41.27
Canada,North America,2015,573061376,53.26
Canada,North America,2016,559566962,58.72
Canada,North America,2017,569360436,54.96
Canada,North America,2018,579470372,49.37
Canada,North America,2019,582389608,56.61
Canada,North America,2020,535822990,68.81
Cape Verde,Africa,2010,556928,38.78
Cape Verde,Africa,2011,615552,37.35
Cape Verde,Africa,2012,501968,34.2
Cape Verde,Africa,2013,494640,44.8
Cape Verde,Africa,2014,487312,41.27
Cape Verde,Africa,2015,490976,53.26
Cape Verde,Africa,2016,538608,58.72
Cape Verde,Africa,2017,578912,54.96
Cape Verde,Africa,2018,597232,49.37
Cape Verde,Africa,2019,602249,56.61
Cape Verde,Africa,2020,549930,68.81
Central African Republic,Africa,2010,168544,38.78
Central African Republic,Africa,2011,186864,37.35
Central African Republic,Africa,2012,190528,34.2
Central African Republic,Africa,2013,117248,44.8
Central African Republic,Africa,2014,124576,41.27
Central African Republic,Africa,2015,179536,53.26
Central African Republic,Africa,2016,197856,58.72
Central African Republic,Africa,2017,216176,54.96
Central African Republic,Africa,2018,219840,49.37
Central African Republic,Africa,2019,210438,56.61
Central African Republic,Africa,2020,187906,68.81
Chad,Africa,2010,996608,38.78
Chad,Africa,2011,1118285,37.35
Chad,Africa,2012,614121,34.2
Chad,Africa,2013,656304,44.8
Chad,Africa,2014,989835,41.27
Chad,Africa,2015,696715,53.26
Chad,Africa,2016,1012873,58.72
Chad,Africa,2017,1035912,54.96
Chad,Africa,2018,1044295,49.37
Chad,Africa,2019,1005433,56.61
Chad,Africa,2020,912301,68.81
Chile,South America,2010,71310955,38.78
Chile,South America,2011,78064404,37.35
Chile,South America,2012,79683581,34.2
Chile,South America,2013,81810868,44.8
Chile,South America,2014,77573779,41.27
Chile,South America,2015,81824471,53.26
Chile,South America,2016,84392028,58.72
Chile,South America,2017,84046028,54.96
Chile,South America,2018,84409267,49.37
Chile,South America,2019,86129263,56.61
Chile,South America,2020,81171490,68.81
China,Asia,2010,8616652695,38.78
China,Asia,2011,9528555734,37.35
China,Asia,2012,9775621803,34.2
China,Asia,2013,9952743755,44.8
China,Asia,2014,9985583382,41.27
China,Asia,2015,9848419740,53.26
China,Asia,2016,9720444086,58.72
China,Asia,2017,9920459189,54.96
China,Asia,2018,10289989525,49.37
China,Asia,2019,10489988555,56.61
China,Asia,2020,10667887453,68.81
Colombia,South America,2010,76278424,38.78
Colombia,South America,2011,76079775,37.35
Colombia,South America,2012,79727172,34.2
Colombia,South America,2013,87427856,44.8
Colombia,South America,2014,88699143,41.27
Colombia,South America,2015,91965358,53.26
Colombia,South America,2016,93241979,58.72
Colombia,South America,2017,86295788,54.96
Colombia,South America,2018,84880525,49.37
Colombia,South America,2019,90419306,56.61
Colombia,South America,2020,89104941,68.81
Comoros,Africa,2010,161216,38.78
Comoros,Africa,2011,142896,37.35
Comoros,Africa,2012,153888,34.2
Comoros,Africa,2013,183200,44.8
Comoros,Africa,2014,161216,41.27
Comoros,Africa,2015,179536,53.26
Comoros,Africa,2016,216176,58.72
Comoros,Africa,2017,267472,54.96
Comoros,Africa,2018,293120,49.37
Comoros,Africa,2019,305838,56.61
Comoros,Africa,2020,258456,68.81
Congo,Africa,2010,1961777,38.78
Congo,Africa,2011,2239828,37.35
Congo,Africa,2012,2944507,34.2
Congo,Africa,2013,3208046,44.8
Congo,Africa,2014,3102335,41.27
Congo,Africa,2015,3451597,53.26
Congo,Africa,2016,3702358,58.72
Congo,Africa,2017,3565236,54.96
Congo,Africa,2018,3622516,49.37
Congo,Africa,2019,3291256,56.61
Congo,Africa,2020,3116760,68.81
Cook Islands,Oceania,2010,58624,38.78
Cook Islands,Oceania,2011,65952,37.35
Cook Islands,Oceania,2012,69616,34.2
Cook Islands,Oceania,2013,69616,44.8
Cook Islands,Oceania,2014,69616,41.27
Cook Islands,Oceania,2015,69616,53.26
Cook Islands,Oceania,2016,69616,58.72
Cook Islands,Oceania,2017,76944,54.96
Cook Islands,Oceania,2018,76944,49.37
Cook Islands,Oceania,2019,79312,56.61
Cook Islands,Oceania,2020,79423,68.81
Costa Rica,North America,2010,7492647,38.78
Costa Rica,North America,2011,7310815,37.35
Costa Rica,North America,2012,7260085,34.2
Costa Rica,North America,2013,7631517,44.8
Costa Rica,North America,2014,7748309,41.27
Costa Rica,North America,2015,7406021,53.26
Costa Rica,North America,2016,7922925,58.72
Costa Rica,North America,2017,8311622,54.96
Costa Rica,North America,2018,8222150,49.37
Costa Rica,North America,2019,8817911,56.61
Costa Rica,North America,2020,7907389,68.81
Cote d'Ivoire,Africa,2010,6063920,38.78
Cote d'Ivoire,Africa,2011,6342384,37.35
Cote d'Ivoire,Africa,2012,8339264,34.2
Cote d'Ivoire,Africa,2013,9526400,44.8
Cote d'Ivoire,Africa,2014,9738912,41.27
Cote d'Ivoire,Africa,2015,9405488,53.26
Cote d'Ivoire,Africa,2016,11798080,58.72
Cote d'Ivoire,Africa,2017,11860368,54.96
Cote d'Ivoire,Africa,2018,10251872,49.37
Cote d'Ivoire,Africa,2019,10479712,56.61
Cote d'Ivoire,Africa,2020,10070733,68.81
Croatia,Europe,2010,21019201,38.78
Croatia,Europe,2011,20651988,37.35
Croatia,Europe,2012,19088544,34.2
Croatia,Europe,2013,18435627,44.8
Croatia,Europe,2014,17682216,41.27
Croatia,Europe,2015,17817233,53.26
Croatia,Europe,2016,18083057,58.72
Croatia,Europe,2017,18718063,54.96
Croatia,Europe,2018,17698215,49.37
Croatia,Europe,2019,17778838,56.61
Croatia,Europe,2020,16982010,68.81
Cuba,North America,2010,34199817,38.78
Cuba,North America,2011,29431084,37.35
Cuba,North America,2012,29742048,34.2
Cuba,North America,2013,28024016,44.8
Cuba,North America,2014,27441780,41.27
Cuba,North America,2015,29311009,53.26
Cuba,North America,2016,28177648,58.72
Cuba,North America,2017,25207628,54.96
Cuba,North America,2018,22608510,49.37
Cuba,North America,2019,22524658,56.61
Cuba,North America,2020,20152280,68.81
Curacao,South America,2010,3887002,38.78
Curacao,South America,2011,4958740,37.35
Curacao,South America,2012,5836752,34.2
Curacao,South America,2013,5503328,44.8
Curacao,South America,2014,6408336,41.27
Curacao,South America,2015,6924960,53.26
Curacao,South America,2016,5800112,58.72
Curacao,South America,2017,4426112,54.96
Curacao,South America,2018,3828880,49.37
Curacao,South America,2019,3761011,56.61
Curacao,South America,2020,3335066,68.81
Cyprus,Europe,2010,8099604,38.78
Cyprus,Europe,2011,7786009,37.35
Cyprus,Europe,2012,7261686,34.2
Cyprus,Europe,2013,6581495,44.8
Cyprus,Europe,2014,6949659,41.27
Cyprus,Europe,2015,6970371,53.26
Cyprus,Europe,2016,7373018,58.72
Cyprus,Europe,2017,7523104,54.96
Cyprus,Europe,2018,7340346,49.37
Cyprus,Europe,2019,7339882,56.61
Cyprus,Europe,2020,6496162,68.81
Czechia,Europe,2010,117603433,38.78
Czechia,Europe,2011,115167624,37.35
Czechia,Europe,2012,111289362,34.2
Czechia,Europe,2013,106525802,44.8
Czechia,Europe,2014,104094900,41.27
Czechia,Europe,2015,104864605,53.26
Czechia,Europe,2016,106685441,58.72
Czechia,Europe,2017,107612791,54.96
Czechia,Europe,2018,106131600,49.37
Czechia,Europe,2019,100812345,56.61
Czechia,Europe,2020,87974706,68.81
Democratic Republic of Congo,Africa,2010,1961947,38.78
Democratic Republic of Congo,Africa,2011,2439520,37.35
Democratic Republic of Congo,Africa,2012,2356311,34.2
Democratic Republic of Congo,Africa,2013,3537543,44.8
Democratic Republic of Congo,Africa,2014,4630929,41.27
Democratic Republic of Congo,Africa,2015,2792690,53.26
Democratic Republic of Congo,Africa,2016,2014128,58.72
Democratic Republic of Congo,Africa,2017,2473864,54.96
Democratic Republic of Congo,Africa,2018,2779707,49.37
Democratic Republic of Congo,Africa,2019,2688761,56.61
Democratic Republic of Congo,Africa,2020,2477334,68.81
Denmark,Europe,2010,49170504,38.78
Denmark,Europe,2011,44215177,37.35
Denmark,Europe,2012,39840159,34.2
Denmark,Europe,2013,41745896,44.8
Denmark,Europe,2014,37543417,41.27
Denmark,Europe,2015,35203694,53.26
Denmark,Europe,2016,37011386,58.72
Denmark,Europe,2017,34743087,54.96
Denmark,Europe,2018,34672351,49.37
Denmark,Europe,2019,30897261,56.61
Denmark,Europe,2020,26194912,68.81
Djibouti,Africa,2010,516624,38.78
Djibouti,Africa,2011,472656,37.35
Djibouti,Africa,2012,487312,34.2
Djibouti,Africa,2013,556690,44.8
Djibouti,Africa,2014,388306,41.27
Djibouti,Africa,2015,447141,53.26
Djibouti,Africa,2016,399509,58.72
Djibouti,Africa,2017,403384,54.96
Djibouti,Africa,2018,388728,49.37
Djibouti,Africa,2019,402400,56.61
Djibouti,Africa,2020,351464,68.81
Dominica,North America,2010,172208,38.78
Dominica,North America,2011,153888,37.35
Dominica,North America,2012,164880,34.2
Dominica,North America,2013,168544,44.8
Dominica,North America,2014,175872,41.27
Dominica,North America,2015,175872,53.26
Dominica,North America,2016,179536,58.72
Dominica,North America,2017,161216,54.96
Dominica,North America,2018,161216,49.37
Dominica,North America,2019,157356,56.61
Dominica,North America,2020,139250,68.81
Dominican Republic,North America,2010,20553453,38.78
Dominican Republic,North America,2011,21317914,37.35
Dominican Republic,North America,2012,21254754,34.2
Dominican Republic,North America,2013,21266960,44.8
Dominican Republic,North America,2014,21800611,41.27
Dominican Republic,North America,2015,23494589,53.26
Dominican Republic,North America,2016,24644567,58.72
Dominican Republic,North America,2017,24016922,54.96
Dominican Republic,North America,2018,25698088,49.37
Dominican Republic,North America,2019,27520188,56.61
Dominican Republic,North America,2020,27769310,68.81
Ecuador,South America,2010,34825608,38.78
Ecuador,South America,2011,37398376,37.35
Ecuador,South America,2012,37154022,34.2
Ecuador,South America,2013,39362341,44.8
Ecuador,South America,2014,43206942,41.27
Ecuador,South America,2015,40759423,53.26
Ecuador,South America,2016,39504033,58.72
Ecuador,South America,2017,39275993,54.96
Ecuador,South America,2018,37919441,49.37
Ecuador,South America,2019,36757720,56.61
Ecuador,South America,2020,30931763,68.81
Egypt,Africa,2010,200841483,38.78
Egypt,Africa,2011,213026647,37.35
Egypt,Africa,2012,208718329,34.2
Egypt,Africa,2013,206949168,44.8
Egypt,Africa,2014,221668030,41.27
Egypt,Africa,2015,219167386,53.26
Egypt,Africa,2016,234122634,58.72
Egypt,Africa,2017,250604761,54.96
Egypt,Africa,2018,227721467,49.37
Egypt,Africa,2019,225881552,56.61
Egypt,Africa,2020,213456746,68.81
El Salvador,North America,2010,6318629,38.78
El Salvador,North America,2011,6499405,37.35
El Salvador,North America,2012,6471882,34.2
El Salvador,North America,2013,6094472,44.8
El Salvador,North America,2014,6151155,41.27
El Salvador,North America,2015,6675315,53.26
El Salvador,North America,2016,6645795,58.72
El Salvador,North America,2017,6015817,54.96
El Salvador,North America,2018,6371211,49.37
El Salvador,North America,2019,6852675,56.61
El Salvador,North America,2020,6123716,68.81
Equatorial Guinea,Africa,2010,6804048,38.78
Equatorial Guinea,Africa,2011,9464112,37.35
Equatorial Guinea,Africa,2012,9174656,34.2
Equatorial Guinea,Africa,2013,11578240,44.8
Equatorial Guinea,Africa,2014,11178864,41.27
Equatorial Guinea,Africa,2015,10834448,53.26
Equatorial Guinea,Africa,2016,11387712,58.72
Equatorial Guinea,Africa,2017,12285392,54.96
Equatorial Guinea,Africa,2018,11211840,49.37
Equatorial Guinea,Africa,2019,10269780,56.61
Equatorial Guinea,Africa,2020,10265267,68.81
Eritrea,Africa,2010,497337,38.78
Eritrea,Africa,2011,555834,37.35
Eritrea,Africa,2012,604565,34.2
Eritrea,Africa,2013,620806,44.8
Eritrea,Africa,2014,631395,41.27
Eritrea,Africa,2015,634427,53.26
Eritrea,Africa,2016,645419,58.72
Eritrea,Africa,2017,704254,54.96
Eritrea,Africa,2018,804658,49.37
Eritrea,Africa,2019,834864,56.61
Eritrea,Africa,2020,722332,68.81
Estonia,Europe,2010,18995251,38.78
Estonia,Europe,2011,19090904,37.35
Estonia,Europe,2012,17846305,34.2
Estonia,Europe,2013,19737857,44.8
Estonia,Europe,2014,18885241,41.27
Estonia,Europe,2015,15859415,53.26
Estonia,Europe,2016,17567318,58.72
Estonia,Europe,2017,18788490,54.96
Estonia,Europe,2018,17944520,49.37
Estonia,Europe,2019,12380317,56.61
Estonia,Europe,2020,10452414,68.81
Eswatini,Africa,2010,996608,38.78
Eswatini,Africa,2011,1007600,37.35
Eswatini,Africa,2012,1168816,34.2
Eswatini,Africa,2013,1399648,44.8
Eswatini,Africa,2014,769440,41.27
Eswatini,Africa,2015,868368,53.26
Eswatini,Africa,2016,1055232,58.72
Eswatini,Africa,2017,985616,54.96
Eswatini,Africa,2018,1033248,49.37
Eswatini,Africa,2019,1012882,56.61
Eswatini,Africa,2020,955776,68.81
Ethiopia,Africa,2010,6336871,38.78
Ethiopia,Africa,2011,7402480,37.35
Ethiopia,Africa,2012,8108686,34.2
Ethiopia,Africa,2013,9781029,44.8
Ethiopia,Africa,2014,12016546,41.27
Ethiopia,Africa,2015,12693593,53.26
Ethiopia,Africa,2016,14347424,58.72
Ethiopia,Africa,2017,15237885,54.96
Ethiopia,Africa,2018,16149221,49.37
Ethiopia,Africa,2019,16370961,56.61
Ethiopia,Africa,2020,14664773,68.81
Faeroe Islands,Europe,2010,630208,38.78
Faeroe Islands,Europe,2011,567920,37.35
Faeroe Islands,Europe,2012,589904,34.2
Faeroe Islands,Europe,2013,648528,44.8
Faeroe Islands,Europe,2014,597232,41.27
Faeroe Islands,Europe,2015,608224,53.26
Faeroe Islands,Europe,2016,630208,58.72
Faeroe Islands,Europe,2017,707152,54.96
Faeroe Islands,Europe,2018,725472,49.37
Faeroe Islands,Europe,2019,736044,56.61
Faeroe Islands,Europe,2020,683898,68.81
Fiji,Oceania,2010,1201720,38.78
Fiji,Oceania,2011,1068238,37.35
Fiji,Oceania,2012,1042187,34.2
Fiji,Oceania,2013,1098788,44.8
Fiji,Oceania,2014,1244223,41.27
Fiji,Oceania,2015,1294297,53.26
Fiji,Oceania,2016,1259717,58.72
Fiji,Oceania,2017,1361855,54.96
Fiji,Oceania,2018,1351627,49.37
Fiji,Oceania,2019,1391540,56.61
Fiji,Oceania,2020,1393413,68.81
Finland,Europe,2010,64103398,38.78
Finland,Europe,2011,56666649,37.35
Finland,Europe,2012,51229342,34.2
Finland,Europe,2013,51728113,44.8
Finland,Europe,2014,47644671,41.27
Finland,Europe,2015,44126333,53.26
Finland,Europe,2016,47229214,58.72
Finland,Europe,2017,44652056,54.96
Finland,Europe,2018,45848982,49.37
Finland,Europe,2019,42546042,56.61
Finland,Europe,2020,39287631,68.81
France,Europe,2010,376575652,38.78
France,Europe,2011,353734944,37.35
France,Europe,2012,355931515,34.2
France,Europe,2013,357536915,44.8
France,Europe,2014,325885736,41.27
France,Europe,2015,329910376,53.26
France,Europe,2016,333578746,58.72
France,Europe,2017,336995589,54.96
France,Europe,2018,322371888,49.37
France,Europe,2019,315930736,56.61
France,Europe,2020,276633893,68.81
French Guiana,South America,2010,712224,38.78
French Guiana,South America,2011,714282,37.35
French Guiana,South America,2012,706429,34.2
French Guiana,South America,2013,692342,44.8
French Guiana,South America,2014,691310,41.27
French Guiana,South America,2015,702356,53.26
French Guiana,South America,2016,718358,58.72
French Guiana,South America,2017,705072,54.96
French Guiana,South America,2018,698756,49.37
French Guiana,South America,2019,728379,56.61
French Guiana,South America,2020,728379,68.81
French Polynesia,Oceania,2010,802416,38.78
French Polynesia,Oceania,2011,787760,37.35
French Polynesia,Oceania,2012,773104,34.2
French Polynesia,Oceania,2013,787760,44.8
French Polynesia,Oceania,2014,769440,41.27
French Polynesia,Oceania,2015,784096,53.26
French Polynesia,Oceania,2016,758448,58.72
French Polynesia,Oceania,2017,765776,54.96
French Polynesia,Oceania,2018,802416,49.37
French Polynesia,Oceania,2019,827108,56.61
French Polynesia,Oceania,2020,828267,68.81
Gabon,Africa,2010,4783240,38.78
Gabon,Africa,2011,4930245,37.35
Gabon,Africa,2012,5033862,34.2
Gabon,Africa,2013,5269051,44.8
Gabon,Africa,2014,5316546,41.27
Gabon,Africa,2015,5269387,53.26
Gabon,Africa,2016,5441095,58.72
Gabon,Africa,2017,4598164,54.96
Gabon,Africa,2018,4758880,49.37
Gabon,Africa,2019,4487744,56.61
Gabon,Africa,2020,4298177,68.81
Gambia,Africa,2010,432352,38.78
Gambia,Africa,2011,447008,37.35
Gambia,Africa,2012,454336,34.2
Gambia,Africa,2013,432352,44.8
Gambia,Africa,2014,512960,41.27
Gambia,Africa,2015,523952,53.26
Gambia,Africa,2016,531280,58.72
Gambia,Africa,2017,534944,54.96
Gambia,Africa,2018,542272,49.37
Gambia,Africa,2019,546960,56.61
Gambia,Africa,2020,499912,68.81
Germany,Europe,2010,832949108,38.78
Germany,Europe,2011,809216919,37.35
Germany,Europe,2012,813984654,34.2
Germany,Europe,2013,831453838,44.8
Germany,Europe,2014,792587770,41.27
Germany,Europe,2015,795610215,53.26
Germany,Europe,2016,800686632,58.72
Germany,Europe,2017,785882918,54.96
Germany,Europe,2018,754111607,49.37
Germany,Europe,2019,711427809,56.61
Germany,Europe,2020,644310352,68.81
Ghana,Africa,2010,9709648,38.78
Ghana,Africa,2011,11226017,37.35
Ghana,Africa,2012,14315347,34.2
Ghana,Africa,2013,14179876,44.8
Ghana,Africa,2014,14754583,41.27
Ghana,Africa,2015,16114450,53.26
Ghana,Africa,2016,16547069,58.72
Ghana,Africa,2017,13739546,54.96
Ghana,Africa,2018,16682630,49.37
Ghana,Africa,2019,16918159,56.61
Ghana,Africa,2020,16001330,68.81
Greece,Europe,2010,97361427,38.78
Greece,Europe,2011,94549566,37.35
Greece,Europe,2012,91430548,34.2
Greece,Europe,2013,81736129,44.8
Greece,Europe,2014,78662108,41.27
Greece,Europe,2015,74961086,53.26
Greece,Europe,2016,71372744,58.72
Greece,Europe,2017,74855081,54.96
Greece,Europe,2018,71807547,49.37
Greece,Europe,2019,65735923,56.61
Greece,Europe,2020,52235141,68.81
Greenland,North America,2010,678834,38.78
Greenland,North America,2011,725334,37.35
Greenland,North America,2012,578472,34.2
Greenland,North America,2013,561216,44.8
Greenland,North America,2014,520837,41.27
Greenland,North America,2015,523816,53.26
Greenland,North America,2016,524924,58.72
Greenland,North America,2017,542002,54.96
Greenland,North America,2018,548021,49.37
Greenland,North America,2019,553636,56.61
Greenland,North America,2020,514413,68.81
Grenada,North America,2010,260144,38.78
Grenada,North America,2011,252816,37.35
Grenada,North America,2012,271136,34.2
Grenada,North America,2013,304112,44.8
Grenada,North America,2014,234496,41.27
Grenada,North America,2015,260144,53.26
Grenada,North America,2016,267472,58.72
Grenada,North America,2017,278464,54.96
Grenada,North America,2018,307776,49.37
Grenada,North America,2019,332271,56.61
Grenada,North America,2020,294834,68.81
Guadeloupe,North America,2010,2505064,38.78
Guadeloupe,North America,2011,2512302,37.35
Guadeloupe,North America,2012,2484681,34.2
Guadeloupe,North America,2013,2435135,44.8
Guadeloupe,North America,2014,2431506,41.27
Guadeloupe,North America,2015,2470355,53.26
Guadeloupe,North America,2016,2526638,58.72
Guadeloupe,North America,2017,2479907,54.96
Guadeloupe,North America,2018,2457695,49.37
Guadeloupe,North America,2019,2561883,56.61
Guadeloupe,North America,2020,2561883,68.81
Guatemala,North America,2010,11097682,38.78
Guatemala,North America,2011,11237312,37.35
Guatemala,North America,2012,11557767,34.2
Guatemala,North America,2013,12783614,44.8
Guatemala,North America,2014,13785180,41.27
Guatemala,North America,2015,15822364,53.26
Guatemala,North America,2016,16912995,58.72
Guatemala,North America,2017,17291925,54.96
Guatemala,North America,2018,18646365,49.37
Guatemala,North America,2019,21934091,56.61
Guatemala,North America,2020,18937908,68.81
Guinea,Africa,2010,2484192,38.78
Guinea,Africa,2011,2594112,37.35
Guinea,Africa,2012,2421904,34.2
Guinea,Africa,2013,2110464,44.8
Guinea,Africa,2014,2165424,41.27
Guinea,Africa,2015,2451216,53.26
Guinea,Africa,2016,2744336,58.72
Guinea,Africa,2017,3238976,54.96
Guinea,Africa,2018,3685984,49.37
Guinea,Africa,2019,3716950,56.61
Guinea,Africa,2020,3394049,68.81
Guinea-Bissau,Africa,2010,238160,38.78
Guinea-Bissau,Africa,2011,241824,37.35
Guinea-Bissau,Africa,2012,245488,34.2
Guinea-Bissau,Africa,2013,245488,44.8
Guinea-Bissau,Africa,2014,260144,41.27
Guinea-Bissau,Africa,2015,278464,53.26
Guinea-Bissau,Africa,2016,304112,58.72
Guinea-Bissau,Africa,2017,304112,54.96
Guinea-Bissau,Africa,2018,311440,49.37
Guinea-Bissau,Africa,2019,314056,56.61
Guinea-Bissau,Africa,2020,286774,68.81
Guyana,South America,2010,1886960,38.78
Guyana,South America,2011,1960240,37.35
Guyana,South America,2012,1960240,34.2
Guyana,South America,2013,1905280,44.8
Guyana,South America,2014,1972021,41.27
Guyana,South America,2015,2003336,53.26
Guyana,South America,2016,2345135,58.72
Guyana,South America,2017,2319487,54.96
Guyana,South America,2018,2480982,49.37
Guyana,South America,2019,2486530,56.61
Guyana,South America,2020,2212691,68.81
Haiti,North America,2010,2136827,38.78
Haiti,North America,2011,2272898,37.35
Haiti,North America,2012,2264181,34.2
Haiti,North America,2013,2706250,44.8
Haiti,North America,2014,2704625,41.27
Haiti,North America,2015,2660657,53.26
Haiti,North America,2016,2983089,58.72
Haiti,North America,2017,3104001,54.96
Haiti,North America,2018,3367809,49.37
Haiti,North America,2019,3289028,56.61
Haiti,North America,2020,2919510,68.81
Honduras,North America,2010,7890362,38.78
Honduras,North America,2011,8735738,37.35
Honduras,North America,2012,9093702,34.2
Honduras,North America,2013,9240065,44.8
Honduras,North America,2014,9309030,41.27
Honduras,North America,2015,9802030,53.26
Honduras,North America,2016,9292976,58.72
Honduras,North America,2017,8857228,54.96
Honduras,North America,2018,10049978,49.37
Honduras,North America,2019,10788920,56.61
Honduras,North America,2020,9659570,68.81
Hong Kong,Asia,2010,40062903,38.78
Hong Kong,Asia,2011,43149716,37.35
Hong Kong,Asia,2012,42742062,34.2
Hong Kong,Asia,2013,44306891,44.8
Hong Kong,Asia,2014,45491754,41.27
Hong Kong,Asia,2015,42392071,53.26
Hong Kong,Asia,2016,43388679,58.72
Hong Kong,Asia,2017,42553287,54.96
Hong Kong,Asia,2018,42738009,49.37
Hong Kong,Asia,2019,41789463,56.61
Hong Kong,Asia,2020,31238788,68.81
Hungary,Europe,2010,52068804,38.78
Hungary,Europe,2011,50191342,37.35
Hungary,Europe,2012,46757505,34.2
Hungary,Europe,2013,43590214,44.8
Hungary,Europe,2014,43678123,41.27
Hungary,Europe,2015,46614820,53.26
Hungary,Europe,2016,47072006,58.72
Hungary,Europe,2017,49452258,54.96
Hungary,Europe,2018,49407953,49.37
Hungary,Europe,2019,49079712,56.61
Hungary,Europe,2020,48275451,68.81
Iceland,Europe,2010,3624647,38.78
Iceland,Europe,2011,3501314,37.35
Iceland,Europe,2012,3496829,34.2
Iceland,Europe,2013,3482726,44.8
Iceland,Europe,2014,3459260,41.27
Iceland,Europe,2015,3536220,53.26
Iceland,Europe,2016,3487423,58.72
Iceland,Europe,2017,3604886,54.96
Iceland,Europe,2018,3663377,49.37
Iceland,Europe,2019,3550747,56.61
Iceland,Europe,2020,2935990,68.81
India,Asia,2010,1677887585,38.78
India,Asia,2011,1780129996,37.35
India,Asia,2012,1963586045,34.2
India,Asia,2013,2036937081,44.8
India,Asia,2014,2185855918,41.27
India,Asia,2015,2268567478,53.26
India,Asia,2016,2382223220,58.72
India,Asia,2017,2433855754,54.96
India,Asia,2018,2599805717,49.37
India,Asia,2019,2625968148,56.61
India,Asia,2020,2441792313,68.81
Indonesia,Asia,2010,451931468,38.78
Indonesia,Asia,2011,504761970,37.35
Indonesia,Asia,2012,521527856,34.2
Indonesia,Asia,2013,496074375,44.8
Indonesia,Asia,2014,498973167,41.27
Indonesia,Asia,2015,551475340,53.26
Indonesia,Asia,2016,560845982,58.72
Indonesia,Asia,2017,575175792,54.96
Indonesia,Asia,2018,614884277,49.37
Indonesia,Asia,2019,660593985,56.61
Indonesia,Asia,2020,589500368,68.81
Iran,Asia,2010,569771991,38.78
Iran,Asia,2011,577336334,37.35
Iran,Asia,2012,602738337,34.2
Iran,Asia,2013,610210045,44.8
Iran,Asia,2014,641842053,41.27
Iran,Asia,2015,628626244,53.26
Iran,Asia,2016,637361528,58.72
Iran,Asia,2017,712256079,54.96
Iran,Asia,2018,707157389,49.37
Iran,Asia,2019,733365847,56.61
Iran,Asia,2020,745035109,68.81
Iraq,Asia,2010,110065833,38.78
Iraq,Asia,2011,135274148,37.35
Iraq,Asia,2012,152814840,34.2
Iraq,Asia,2013,163676973,44.8
Iraq,Asia,2014,165150848,41.27
Iraq,Asia,2015,165646516,53.26
Iraq,Asia,2016,194361365,58.72
Iraq,Asia,2017,211703077,54.96
Iraq,Asia,2018,211325685,49.37
Iraq,Asia,2019,222991395,56.61
Iraq,Asia,2020,210829146,68.81
Ireland,Europe,2010,41793915,38.78
Ireland,Europe,2011,38097299,37.35
Ireland,Europe,2012,38241975,34.2
Ireland,Europe,2013,37291763,44.8
Ireland,Europe,2014,36909012,41.27
Ireland,Europe,2015,38687772,53.26
Ireland,Europe,2016,40155799,58.72
Ireland,Europe,2017,39133421,54.96
Ireland,Europe,2018,39195155,49.37
Ireland,Europe,2019,37275319,56.61
Ireland,Europe,2020,33348699,68.81
Israel,Asia,2010,68286901,38.78
Israel,Asia,2011,68594737,37.35
Israel,Asia,2012,74784579,34.2
Israel,Asia,2013,63131686,44.8
Israel,Asia,2014,60351834,41.27
Israel,Asia,2015,62974924,53.26
Israel,Asia,2016,61219126,58.72
Israel,Asia,2017,58873198,54.96
Israel,Asia,2018,60546051,49.37
Israel,Asia,2019,62393584,56.61
Israel,Asia,2020,56350861,68.81
Italy,Europe,2010,436153683,38.78
Italy,Europe,2011,424277527,37.35
Italy,Europe,2012,403447214,34.2
Italy,Europe,2013,369834337,44.8
Italy,Europe,2014,349581755,41.27
Italy,Europe,2015,361302482,53.26
Italy,Europe,2016,358060743,58.72
Italy,Europe,2017,352849912,54.96
Italy,Europe,2018,349020446,49.37
Italy,Europe,2019,339772171,56.61
Italy,Europe,2020,303815294,68.81
Jamaica,North America,2010,7677295,38.78
Jamaica,North America,2011,8255605,37.35
Jamaica,North America,2012,7912829,34.2
Jamaica,North America,2013,8492241,44.8
Jamaica,North America,2014,7697454,41.27
Jamaica,North America,2015,7995386,53.26
Jamaica,North America,2016,8163432,58.72
Jamaica,North America,2017,7797546,54.96
Jamaica,North America,2018,8038802,49.37
Jamaica,North America,2019,8045054,56.61
Jamaica,North America,2020,7429454,68.81
Japan,Asia,2010,1214816233,38.78
Japan,Asia,2011,1264866099,37.35
Japan,Asia,2012,1306009842,34.2
Japan,Asia,2013,1315342658,44.8
Japan,Asia,2014,1263728759,41.27
Japan,Asia,2015,1223396445,53.26
Japan,Asia,2016,1203717880,58.72
Japan,Asia,2017,1188122842,54.96
Japan,Asia,2018,1143457876,49.37
Japan,Asia,2019,1105929335,56.61
Japan,Asia,2020,1030775384,68.81
Jordan,Asia,2010,20615325,38.78
Jordan,Asia,2011,21243760,37.35
Jordan,Asia,2012,23813801,34.2
Jordan,Asia,2013,23813152,44.8
Jordan,Asia,2014,25895022,41.27
Jordan,Asia,2015,25556220,53.26
Jordan,Asia,2016,24345622,58.72
Jordan,Asia,2017,25561278,54.96
Jordan,Asia,2018,25259630,49.37
Jordan,Asia,2019,25744983,56.61
Jordan,Asia,2020,25487430,68.81
Kenya,Asia,2010,11744792,38.78
Kenya,Asia,2011,12928173,37.35
Kenya,Asia,2012,11988008,34.2
Kenya,Asia,2013,12770061,44.8
Kenya,Asia,2014,13772966,41.27
Kenya,Asia,2015,16301234,53.26
Kenya,Asia,2016,17155983,58.72
Kenya,Asia,2017,16322312,54.96
Kenya,Asia,2018,18016496,49.37
Kenya,Asia,2019,18346944,56.61
Kenya,Asia,2020,16146074,68.81
Kiribati,Oceania,2010,58624,38.78
Kiribati,Oceania,2011,54960,37.35
Kiribati,Oceania,2012,51296,34.2
Kiribati,Oceania,2013,51296,44.8
Kiribati,Oceania,2014,58624,41.27
Kiribati,Oceania,2015,54960,53.26
Kiribati,Oceania,2016,54960,58.72
Kiribati,Oceania,2017,65952,54.96
Kiribati,Oceania,2018,65952,49.37
Kiribati,Oceania,2019,67981,56.61
Kiribati,Oceania,2020,68077,68.81
Kosovo,Europe,2010,8372240,38.78
Kosovo,Europe,2011,8309952,37.35
Kosovo,Europe,2012,7873936,34.2
Kosovo,Europe,2013,8005840,44.8
Kosovo,Europe,2014,7126480,41.27
Kosovo,Europe,2015,8339264,53.26
Kosovo,Europe,2016,8859552,58.72
Kosovo,Europe,2017,8093776,54.96
Kosovo,Europe,2018,8148736,49.37
Kosovo,Europe,2019,9099782,56.61
Kosovo,Europe,2020,7890151,68.81
Kuwait,Asia,2010,89272262,38.78
Kuwait,Asia,2011,86262705,37.35
Kuwait,Asia,2012,100074047,34.2
Kuwait,Asia,2013,81704119,44.8
Kuwait,Asia,2014,75481708,41.27
Kuwait,Asia,2015,91348969,53.26
Kuwait,Asia,2016,100858688,58.72
Kuwait,Asia,2017,95144622,54.96
Kuwait,Asia,2018,95575260,49.37
Kuwait,Asia,2019,96651162,56.61
Kuwait,Asia,2020,88935077,68.81
Kyrgyzstan,Asia,2010,6313962,38.78
Kyrgyzstan,Asia,2011,7553504,37.35
Kyrgyzstan,Asia,2012,9998398,34.2
Kyrgyzstan,Asia,2013,9658305,44.8
Kyrgyzstan,Asia,2014,10095418,41.27
Kyrgyzstan,Asia,2015,10278881,53.26
Kyrgyzstan,Asia,2016,9646228,58.72
Kyrgyzstan,Asia,2017,9348074,54.96
Kyrgyzstan,Asia,2018,11697709,49.37
Kyrgyzstan,Asia,2019,11017920,56.61
Kyrgyzstan,Asia,2020,11507817,68.81
Laos,Asia,2010,3004513,38.78
Laos,Asia,2011,3170104,37.35
Laos,Asia,2012,3397982,34.2
Laos,Asia,2013,4261159,44.8
Laos,Asia,2014,4449693,41.27
Laos,Asia,2015,9232425,53.26
Laos,Asia,2016,14805657,58.72
Laos,Asia,2017,18661301,54.96
Laos,Asia,2018,19524017,49.37
Laos,Asia,2019,33931652,56.61
Laos,Asia,2020,33846818,68.81
Latvia,Europe,2010,8554205,38.78
Latvia,Europe,2011,7810749,37.35
Latvia,Europe,2012,7519388,34.2
Latvia,Europe,2013,7368417,44.8
Latvia,Europe,2014,7171941,41.27
Latvia,Europe,2015,7262103,53.26
Latvia,Europe,2016,7210325,58.72
Latvia,Europe,2017,7214945,54.96
Latvia,Europe,2018,7859362,49.37
Latvia,Europe,2019,7648184,56.61
Latvia,Europe,2020,6772778,68.81
Lebanon,Asia,2010,19996595,38.78
Lebanon,Asia,2011,20264128,37.35
Lebanon,Asia,2012,22332032,34.2
Lebanon,Asia,2013,22163384,44.8
Lebanon,Asia,2014,23992028,41.27
Lebanon,Asia,2015,25734552,53.26
Lebanon,Asia,2016,26500753,58.72
Lebanon,Asia,2017,27976920,54.96
Lebanon,Asia,2018,26551199,49.37
Lebanon,Asia,2019,26657803,56.61
Lebanon,Asia,2020,25969298,68.81
Lesotho,Africa,2010,2275344,38.78
Lesotho,Africa,2011,3063104,37.35
Lesotho,Africa,2012,3092416,34.2
Lesotho,Africa,2013,2333968,44.8
Lesotho,Africa,2014,2473200,41.27
Lesotho,Africa,2015,2242368,53.26
Lesotho,Africa,2016,2213056,58.72
Lesotho,Africa,2017,2454880,54.96
Lesotho,Africa,2018,2583120,49.37
Lesotho,Africa,2019,2321119,56.61
Lesotho,Africa,2020,2183421,68.81
Liberia,Africa,2010,760564,38.78
Liberia,Africa,2011,851716,37.35
Liberia,Africa,2012,962647,34.2
Liberia,Africa,2013,877929,44.8
Liberia,Africa,2014,1191526,41.27
Liberia,Africa,2015,1203681,53.26
Liberia,Africa,2016,1357466,58.72
Liberia,Africa,2017,1231620,54.96
Liberia,Africa,2018,1085305,49.37
Liberia,Africa,2019,1093400,56.61
Liberia,Africa,2020,1008984,68.81
Libya,Africa,2010,60652794,38.78
Libya,Africa,2011,49212444,37.35
Libya,Africa,2012,51646672,34.2
Libya,Africa,2013,41914140,44.8
Libya,Africa,2014,71390467,41.27
Libya,Africa,2015,58183529,53.26
Libya,Africa,2016,53485117,58.72
Libya,Africa,2017,54398719,54.96
Libya,Africa,2018,53361533,49.37
Libya,Africa,2019,54509037,56.61
Libya,Africa,2020,50720577,68.81
Liechtenstein,Europe,2010,190782,38.78
Liechtenstein,Europe,2011,176737,37.35
Liechtenstein,Europe,2012,185271,34.2
Liechtenstein,Europe,2013,192495,44.8
Liechtenstein,Europe,2014,161176,41.27
Liechtenstein,Europe,2015,159621,53.26
Liechtenstein,Europe,2016,149547,58.72
Liechtenstein,Europe,2017,155279,54.96
Liechtenstein,Europe,2018,142307,49.37
Liechtenstein,Europe,2019,148400,56.61
Liechtenstein,Europe,2020,141012,68.81
Lithuania,Europe,2010,13945089,38.78
Lithuania,Europe,2011,14292805,37.35
Lithuania,Europe,2012,14345298,34.2
Lithuania,Europe,2013,13354844,44.8
Lithuania,Europe,2014,13106691,41.27
Lithuania,Europe,2015,13319490,53.26
Lithuania,Europe,2016,13351102,58.72
Lithuania,Europe,2017,13571832,54.96
Lithuania,Europe,2018,13696228,49.37
Lithuania,Europe,2019,13923095,56.61
Lithuania,Europe,2020,13799480,68.81
Luxembourg,Europe,2010,11207250,38.78
Luxembourg,Europe,2011,11102383,37.35
Luxembourg,Europe,2012,10866201,34.2
Luxembourg,Europe,2013,10320571,44.8
Luxembourg,Europe,2014,9836045,41.27
Luxembourg,Europe,2015,9347989,53.26
Luxembourg,Europe,2016,9092741,58.72
Luxembourg,Europe,2017,9261344,54.96
Luxembourg,Europe,2018,9568440,49.37
Luxembourg,Europe,2019,9752160,56.61
Luxembourg,Europe,2020,8174648,68.81
Macao,Asia,2010,1234768,38.78
Macao,Asia,2011,1456275,37.35
Macao,Asia,2012,1290790,34.2
Macao,Asia,2013,1203710,44.8
Macao,Asia,2014,1508124,41.27
Macao,Asia,2015,2027991,53.26
Macao,Asia,2016,1769712,58.72
Macao,Asia,2017,1919936,54.96
Macao,Asia,2018,1216448,49.37
Macao,Asia,2019,1256206,56.61
Macao,Asia,2020,1262755,68.81
Madagascar,Africa,2010,1871843,38.78
Madagascar,Africa,2011,2381149,37.35
Madagascar,Africa,2012,2748005,34.2
Madagascar,Africa,2013,3214813,44.8
Madagascar,Africa,2014,3161532,41.27
Madagascar,Africa,2015,3231148,53.26
Madagascar,Africa,2016,3253198,58.72
Madagascar,Africa,2017,4122133,54.96
Madagascar,Africa,2018,4166663,49.37
Madagascar,Africa,2019,4049824,56.61
Madagascar,Africa,2020,3679618,68.81
Malawi,Africa,2010,1025136,38.78
Malawi,Africa,2011,1140182,37.35
Malawi,Africa,2012,1132054,34.2
Malawi,Africa,2013,1163078,44.8
Malawi,Africa,2014,1020623,41.27
Malawi,Africa,2015,1119762,53.26
Malawi,Africa,2016,1306376,58.72
Malawi,Africa,2017,1364161,54.96
Malawi,Africa,2018,1570154,49.37
Malawi,Africa,2019,1588500,56.61
Malawi,Africa,2020,1394983,68.81
Malaysia,Asia,2010,215935154,38.78
Malaysia,Asia,2011,216993527,37.35
Malaysia,Asia,2012,215213034,34.2
Malaysia,Asia,2013,242487438,44.8
Malaysia,Asia,2014,244832567,41.27
Malaysia,Asia,2015,231843940,53.26
Malaysia,Asia,2016,250560642,58.72
Malaysia,Asia,2017,250561320,54.96
Malaysia,Asia,2018,272229353,49.37
Malaysia,Asia,2019,278659255,56.61
Malaysia,Asia,2020,272607434,68.81
Maldives,Asia,2010,934320,38.78
Maldives,Asia,2011,985616,37.35
Maldives,Asia,2012,1110192,34.2
Maldives,Asia,2013,1091872,44.8
Maldives,Asia,2014,1315376,41.27
Maldives,Asia,2015,1311712,53.26
Maldives,Asia,2016,1436288,58.72
Maldives,Asia,2017,1513232,54.96
Maldives,Asia,2018,1740400,49.37
Maldives,Asia,2019,1793956,56.61
Maldives,Asia,2020,1796469,68.81
Mali,Africa,2010,2088480,38.78
Mali,Africa,2011,2279008,37.35
Mali,Africa,2012,2436560,34.2
Mali,Africa,2013,2743394,44.8
Mali,Africa,2014,3099009,41.27
Mali,Africa,2015,3270585,53.26
Mali,Africa,2016,3329209,58.72
Mali,Africa,2017,3534393,54.96
Mali,Africa,2018,3659601,49.37
Mali,Africa,2019,3688197,56.61
Mali,Africa,2020,3390011,68.81
Malta,Europe,2010,2579522,38.78
Malta,Europe,2011,2576836,37.35
Malta,Europe,2012,2760504,34.2
Malta,Europe,2013,2444297,44.8
Malta,Europe,2014,2448395,41.27
Malta,Europe,2015,1740986,53.26
Malta,Europe,2016,1405395,58.72
Malta,Europe,2017,1559427,54.96
Malta,Europe,2018,1538318,49.37
Malta,Europe,2019,1669145,56.61
Malta,Europe,2020,1594903,68.81
Marshall Islands,Oceania,2010,135568,38.78
Marshall Islands,Oceania,2011,139232,37.35
Marshall Islands,Oceania,2012,135568,34.2
Marshall Islands,Oceania,2013,139232,44.8
Marshall Islands,Oceania,2014,142896,41.27
Marshall Islands,Oceania,2015,142896,53.26
Marshall Islands,Oceania,2016,142896,58.72
Marshall Islands,Oceania,2017,146560,54.96
Marshall Islands,Oceania,2018,146560,49.37
Marshall Islands,Oceania,2019,151070,56.61
Marshall Islands,Oceania,2020,151282,68.81
Martinique,North America,2010,2296309,38.78
Martinique,North America,2011,2302944,37.35
Martinique,North America,2012,2277624,34.2
Martinique,North America,2013,2232207,44.8
Martinique,North America,2014,2228880,41.27
Martinique,North America,2015,2264492,53.26
Martinique,North America,2016,2316085,58.72
Martinique,North America,2017,2273248,54.96
Martinique,North America,2018,2252887,49.37
Martinique,North America,2019,2348393,56.61
Martinique,North America,2020,2348393,68.81
Mauritania,Africa,2010,1960240,38.78
Mauritania,Africa,2011,2110464,37.35
Mauritania,Africa,2012,2330304,34.2
Mauritania,Africa,2013,2044512,44.8
Mauritania,Africa,2014,2498848,41.27
Mauritania,Africa,2015,2923872,53.26
Mauritania,Africa,2016,2535488,58.72
Mauritania,Africa,2017,3568736,54.96
Mauritania,Africa,2018,3667664,49.37
Mauritania,Africa,2019,3698476,56.61
Mauritania,Africa,2020,3377180,68.81
Mauritius,Africa,2010,3913152,38.78
Mauritius,Africa,2011,3916816,37.35
Mauritius,Africa,2012,3964448,34.2
Mauritius,Africa,2013,4067040,44.8
Mauritius,Africa,2014,4206272,41.27
Mauritius,Africa,2015,4209936,53.26
Mauritius,Africa,2016,4345504,58.72
Mauritius,Africa,2017,4536032,54.96
Mauritius,Africa,2018,4514048,49.37
Mauritius,Africa,2019,4377981,56.61
Mauritius,Africa,2020,3979358,68.81
Mayotte,Africa,2010,298807,38.78
Mayotte,Africa,2011,299670,37.35
Mayotte,Africa,2012,296375,34.2
Mayotte,Africa,2013,290465,44.8
Mayotte,Africa,2014,290033,41.27
Mayotte,Africa,2015,294667,53.26
Mayotte,Africa,2016,301380,58.72
Mayotte,Africa,2017,295806,54.96
Mayotte,Africa,2018,293156,49.37
Mayotte,Africa,2019,305584,56.61
Mayotte,Africa,2020,305584,68.81
Mexico,North America,2010,463782514,38.78
Mexico,North America,2011,484164841,37.35
Mexico,North America,2012,496299580,34.2
Mexico,North America,2013,490129670,44.8
Mexico,North America,2014,481128786,41.27
Mexico,North America,2015,481974591,53.26
Mexico,North America,2016,482798052,58.72
Mexico,North America,2017,459849151,54.96
Mexico,North America,2018,455307901,49.37
Mexico,North America,2019,435512388,56.61
Mexico,North America,2020,356968119,68.81
Micronesia (country),Oceania,2010,102592,38.78
Micronesia (country),Oceania,2011,117248,37.35
Micronesia (country),Oceania,2012,124576,34.2
Micronesia (country),Oceania,2013,135568,44.8
Micronesia (country),Oceania,2014,135568,41.27
Micronesia (country),Oceania,2015,142896,53.26
Micronesia (country),Oceania,2016,142896,58.72
Micronesia (country),Oceania,2017,142896,54.96
Micronesia (country),Oceania,2018,142896,49.37
Micronesia (country),Oceania,2019,147293,56.61
Micronesia (country),Oceania,2020,147500,68.81
Moldova,Europe,2010,4830905,38.78
Moldova,Europe,2011,4944974,37.35
Moldova,Europe,2012,4765682,34.2
Moldova,Europe,2013,4899358,44.8
Moldova,Europe,2014,4758816,41.27
Moldova,Europe,2015,4781760,53.26
Moldova,Europe,2016,4903671,58.72
Moldova,Europe,2017,5220511,54.96
Moldova,Europe,2018,5432857,49.37
Moldova,Europe,2019,5156188,56.61
Moldova,Europe,2020,5146876,68.81
Mongolia,Asia,2010,13819950,38.78
Mongolia,Asia,2011,21426490,37.35
Mongolia,Asia,2012,35030922,34.2
Mongolia,Asia,2013,43558789,44.8
Mongolia,Asia,2014,29585990,41.27
Mongolia,Asia,2015,23243136,53.26
Mongolia,Asia,2016,25326724,58.72
Mongolia,Asia,2017,34264826,54.96
Mongolia,Asia,2018,47537186,49.37
Mongolia,Asia,2019,88691326,56.61
Mongolia,Asia,2020,88441761,68.81
Montenegro,Europe,2010,2421904,38.78
Montenegro,Europe,2011,2407248,37.35
Montenegro,Europe,2012,2213056,34.2
Montenegro,Europe,2013,2150768,44.8
Montenegro,Europe,2014,2106800,41.27
Montenegro,Europe,2015,2238704,53.26
Montenegro,Europe,2016,2015200,58.72
Montenegro,Europe,2017,2103136,54.96
Montenegro,Europe,2018,2399920,49.37
Montenegro,Europe,2019,2644994,56.61
Montenegro,Europe,2020,2309894,68.81
Montserrat,North America,2010,62288,38.78
Montserrat,North America,2011,40304,37.35
Montserrat,North America,2012,43968,34.2
Montserrat,North America,2013,51296,44.8
Montserrat,North America,2014,47632,41.27
Montserrat,North America,2015,58624,53.26
Montserrat,North America,2016,29312,58.72
Montserrat,North America,2017,29312,54.96
Montserrat,North America,2018,29312,49.37
Montserrat,North America,2019,28610,56.61
Montserrat,North America,2020,25318,68.81
Morocco,Africa,2010,54365200,38.78
Morocco,Africa,2011,54867636,37.35
Morocco,Africa,2012,56953540,34.2
Morocco,Africa,2013,56606417,44.8
Morocco,Africa,2014,57174916,41.27
Morocco,Africa,2015,58547495,53.26
Morocco,Africa,2016,58457476,58.72
Morocco,Africa,2017,61628551,54.96
Morocco,Africa,2018,62295068,49.37
Morocco,Africa,2019,68216612,56.61
Morocco,Africa,2020,64536253,68.81
Mozambique,Africa,2010,2634548,38.78
Mozambique,Africa,2011,3106628,37.35
Mozambique,Africa,2012,2980865,34.2
Mozambique,Africa,2013,3575519,44.8
Mozambique,Africa,2014,7899233,41.27
Mozambique,Africa,2015,6304005,53.26
Mozambique,Africa,2016,8154896,58.72
Mozambique,Africa,2017,8322881,54.96
Mozambique,Africa,2018,6891311,49.37
Mozambique,Africa,2019,7287610,56.61
Mozambique,Africa,2020,6570936,68.81
Myanmar,Asia,2010,13082723,38.78
Myanmar,Asia,2011,15068344,37.35
Myanmar,Asia,2012,11892871,34.2
Myanmar,Asia,2013,12937500,44.8
Myanmar,Asia,2014,16169847,41.27
Myanmar,Asia,2015,22108664,53.26
Myanmar,Asia,2016,25437183,58.72
Myanmar,Asia,2017,24767732,54.96
Myanmar,Asia,2018,32680027,49.37
Myanmar,Asia,2019,36047342,56.61
Myanmar,Asia,2020,36325546,68.81
Namibia,Africa,2010,3085088,38.78
Namibia,Africa,2011,2782096,37.35
Namibia,Africa,2012,3355055,34.2
Namibia,Africa,2013,2567728,44.8
Namibia,Africa,2014,3677997,41.27
Namibia,Africa,2015,3851304,53.26
Namibia,Africa,2016,4051196,58.72
Namibia,Africa,2017,4216153,54.96
Namibia,Africa,2018,4076921,49.37
Namibia,Africa,2019,4082009,56.61
Namibia,Africa,2020,3877243,68.81
Nauru,Oceania,2010,43968,38.78
Nauru,Oceania,2011,40304,37.35
Nauru,Oceania,2012,43968,34.2
Nauru,Oceania,2013,47632,44.8
Nauru,Oceania,2014,51296,41.27
Nauru,Oceania,2015,54960,53.26
Nauru,Oceania,2016,51296,58.72
Nauru,Oceania,2017,54960,54.96
Nauru,Oceania,2018,54960,49.37
Nauru,Oceania,2019,56651,56.61
Nauru,Oceania,2020,56731,68.81
Nepal,Asia,2010,4824304,38.78
Nepal,Asia,2011,5220429,37.35
Nepal,Asia,2012,5470253,34.2
Nepal,Asia,2013,6217840,44.8
Nepal,Asia,2014,7591334,41.27
Nepal,Asia,2015,6816731,53.26
Nepal,Asia,2016,9760014,58.72
Nepal,Asia,2017,11647530,54.96
Nepal,Asia,2018,13690047,49.37
Nepal,Asia,2019,16966544,56.61
Nepal,Asia,2020,16957668,68.81
Netherlands,Europe,2010,181537586,38.78
Netherlands,Europe,2011,168271312,37.35
Netherlands,Europe,2012,164700439,34.2
Netherlands,Europe,2013,164684571,44.8
Netherlands,Europe,2014,157663217,41.27
Netherlands,Europe,2015,164199889,53.26
Netherlands,Europe,2016,164925247,58.72
Netherlands,Europe,2017,162610064,54.96
Netherlands,Europe,2018,159020034,49.37
Netherlands,Europe,2019,153599982,56.61
Netherlands,Europe,2020,138100074,68.81
New Caledonia,Oceania,2010,3556595,38.78
New Caledonia,Oceania,2011,3539688,37.35
New Caledonia,Oceania,2012,3637863,34.2
New Caledonia,Oceania,2013,3848731,44.8
New Caledonia,Oceania,2014,4873267,41.27
New Caledonia,Oceania,2015,4736359,53.26
New Caledonia,Oceania,2016,5315237,58.72
New Caledonia,Oceania,2017,5345160,54.96
New Caledonia,Oceania,2018,5785320,49.37
New Caledonia,Oceania,2019,8706294,56.61
New Caledonia,Oceania,2020,8692686,68.81
New Zealand,Oceania,2010,35031266,38.78
New Zealand,Oceania,2011,34497004,37.35
New Zealand,Oceania,2012,36137911,34.2
New Zealand,Oceania,2013,35304681,44.8
New Zealand,Oceania,2014,35531369,41.27
New Zealand,Oceania,2015,36071297,53.26
New Zealand,Oceania,2016,34304683,58.72
New Zealand,Oceania,2017,35854823,54.96
New Zealand,Oceania,2018,35789215,49.37
New Zealand,Oceania,2019,37494502,56.61
New Zealand,Oceania,2020,33475158,68.81
Nicaragua,North America,2010,4467845,38.78
Nicaragua,North America,2011,4805903,37.35
Nicaragua,North America,2012,4546103,34.2
Nicaragua,North America,2013,4616400,44.8
Nicaragua,North America,2014,4756114,41.27
Nicaragua,North America,2015,5430290,53.26
Nicaragua,North America,2016,5382658,58.72
Nicaragua,North America,2017,5504163,54.96
Nicaragua,North America,2018,5280872,49.37
Nicaragua,North America,2019,5673088,56.61
Nicaragua,North America,2020,5073650,68.81
Niger,Africa,2010,1170164,38.78
Niger,Africa,2011,1322299,37.35
Niger,Africa,2012,1754420,34.2
Niger,Africa,2013,1890920,44.8
Niger,Africa,2014,2074633,41.27
Niger,Africa,2015,2034962,53.26
Niger,Africa,2016,2064274,58.72
Niger,Africa,2017,2005650,54.96
Niger,Africa,2018,1863142,49.37
Niger,Africa,2019,1853323,56.61
Niger,Africa,2020,1690423,68.81
Nigeria,Africa,2010,112314215,38.78
Nigeria,Africa,2011,129568735,37.35
Nigeria,Africa,2012,116330752,34.2
Nigeria,Africa,2013,122098213,44.8
Nigeria,Africa,2014,127822805,41.27
Nigeria,Africa,2015,113470026,53.26
Nigeria,Africa,2016,115821151,58.72
Nigeria,Africa,2017,114043392,54.96
Nigeria,Africa,2018,127928170,49.37
Nigeria,Africa,2019,130104061,56.61
Nigeria,Africa,2020,125462961,68.81
Niue,Oceania,2010,3664,38.78
Niue,Oceania,2011,7328,37.35
Niue,Oceania,2012,7328,34.2
Niue,Oceania,2013,7328,44.8
Niue,Oceania,2014,10992,41.27
Niue,Oceania,2015,7328,53.26
Niue,Oceania,2016,7328,58.72
Niue,Oceania,2017,7328,54.96
Niue,Oceania,2018,10992,49.37
Niue,Oceania,2019,11330,56.61
Niue,Oceania,2020,11346,68.81
North Korea,Asia,2010,50022807,38.78
North Korea,Asia,2011,36185883,37.35
North Korea,Asia,2012,37565141,34.2
North Korea,Asia,2013,27013627,44.8
North Korea,Asia,2014,30545472,41.27
North Korea,Asia,2015,24621411,53.26
North Korea,Asia,2016,29412375,58.72
North Korea,Asia,2017,21768830,54.96
North Korea,Asia,2018,17673845,49.37
North Korea,Asia,2019,29379320,56.61
North Korea,Asia,2020,29311104,68.81
North Macedonia,Europe,2010,8500480,38.78
North Macedonia,Europe,2011,9196640,37.35
North Macedonia,Europe,2012,8734976,34.2
North Macedonia,Europe,2013,7771344,44.8
North Macedonia,Europe,2014,7459904,41.27
North Macedonia,Europe,2015,7023888,53.26
North Macedonia,Europe,2016,6987248,58.72
North Macedonia,Europe,2017,7503872,54.96
North Macedonia,Europe,2018,7023888,49.37
North Macedonia,Europe,2019,7974674,56.61
North Macedonia,Europe,2020,7146509,68.81
Norway,Europe,2010,45697000,38.78
Norway,Europe,2011,44817000,37.35
Norway,Europe,2012,44342000,34.2
Norway,Europe,2013,44639000,44.8
Norway,Europe,2014,45078000,41.27
Norway,Europe,2015,45616000,53.26
Norway,Europe,2016,44800000,58.72
Norway,Europe,2017,44372000,54.96
Norway,Europe,2018,44469000,49.37
Norway,Europe,2019,42865000,56.61
Norway,Europe,2020,41283000,68.81
Oman,Asia,2010,46915050,38.78
Oman,Asia,2011,53475839,37.35
Oman,Asia,2012,58968114,34.2
Oman,Asia,2013,61277989,44.8
Oman,Asia,2014,60676369,41.27
Oman,Asia,2015,61856413,53.26
Oman,Asia,2016,60310441,58.72
Oman,Asia,2017,65905605,54.96
Oman,Asia,2018,60616976,49.37
Oman,Asia,2019,60756740,56.61
Oman,Asia,2020,62162570,68.81
Pakistan,Asia,2010,154145307,38.78
Pakistan,Asia,2011,154659589,37.35
Pakistan,Asia,2012,153876181,34.2
Pakistan,Asia,2013,150450706,44.8
Pakistan,Asia,2014,156243128,41.27
Pakistan,Asia,2015,169251789,53.26
Pakistan,Asia,2016,207018569,58.72
Pakistan,Asia,2017,233977568,54.96
Pakistan,Asia,2018,238305865,49.37
Pakistan,Asia,2019,234288957,56.61
Pakistan,Asia,2020,234754740,68.81
Palau,Oceania,2010,208848,38.78
Palau,Oceania,2011,216176,37.35
Palau,Oceania,2012,223504,34.2
Palau,Oceania,2013,227168,44.8
Palau,Oceania,2014,219840,41.27
Palau,Oceania,2015,205184,53.26
Palau,Oceania,2016,212512,58.72
Palau,Oceania,2017,216176,54.96
Palau,Oceania,2018,212512,49.37
Palau,Oceania,2019,219051,56.61
Palau,Oceania,2020,219358,68.81
Palestine,Asia,2010,2033520,38.78
Palestine,Asia,2011,2246032,37.35
Palestine,Asia,2012,2198400,34.2
Palestine,Asia,2013,2436560,44.8
Palestine,Asia,2014,2835936,41.27
Palestine,Asia,2015,3004480,53.26
Palestine,Asia,2016,3231648,58.72
Palestine,Asia,2017,3268288,54.96
Palestine,Asia,2018,2956848,49.37
Palestine,Asia,2019,2985892,56.61
Palestine,Asia,2020,2898754,68.81
Panama,North America,2010,9072099,38.78
Panama,North America,2011,9952930,37.35
Panama,North America,2012,9768100,34.2
Panama,North America,2013,10513283,44.8
Panama,North America,2014,10855411,41.27
Panama,North America,2015,10877607,53.26
Panama,North America,2016,10555175,58.72
Panama,North America,2017,11211974,54.96
Panama,North America,2018,10730711,49.37
Panama,North America,2019,12293851,56.61
Panama,North America,2020,10779522,68.81
Papua New Guinea,Oceania,2010,4660608,38.78
Papua New Guinea,Oceania,2011,5224920,37.35
Papua New Guinea,Oceania,2012,4975712,34.2
Papua New Guinea,Oceania,2013,5331120,44.8
Papua New Guinea,Oceania,2014,6049264,41.27
Papua New Guinea,Oceania,2015,6364322,53.26
Papua New Guinea,Oceania,2016,6635504,58.72
Papua New Guinea,Oceania,2017,6375360,54.96
Papua New Guinea,Oceania,2018,6408336,49.37
Papua New Guinea,Oceania,2019,6617732,56.61
Papua New Guinea,Oceania,2020,6652121,68.81
Paraguay,South America,2010,5021793,38.78
Paraguay,South America,2011,5198721,37.35
Paraguay,South America,2012,5173286,34.2
Paraguay,South America,2013,5172147,44.8
Paraguay,South America,2014,5458230,41.27
Paraguay,South America,2015,6051014,53.26
Paraguay,South America,2016,7182787,58.72
Paraguay,South America,2017,8073223,54.96
Paraguay,South America,2018,8509239,49.37
Paraguay,South America,2019,8524898,56.61
Paraguay,South America,2020,7569706,68.81
Peru,South America,2010,57173442,38.78
Peru,South America,2011,48924089,37.35
Peru,South America,2012,54040984,34.2
Peru,South America,2013,43062510,44.8
Peru,South America,2014,49433706,41.27
Peru,South America,2015,49066819,53.26
Peru,South America,2016,52719506,58.72
Peru,South America,2017,53722054,54.96
Peru,South America,2018,54649143,49.37
Peru,South America,2019,54977537,56.61
Peru,South America,2020,44706055,68.81
Philippines,Asia,2010,82952687,38.78
Philippines,Asia,2011,83742512,37.35
Philippines,Asia,2012,88408213,34.2
Philippines,Asia,2013,95794083,44.8
Philippines,Asia,2014,101183925,41.27
Philippines,Asia,2015,112142406,53.26
Philippines,Asia,2016,122237309,58.72
Philippines,Asia,2017,134901810,54.96
Philippines,Asia,2018,140658221,49.37
Philippines,Asia,2019,146614938,56.61
Philippines,Asia,2020,136017950,68.81
Poland,Europe,2010,334887520,38.78
Poland,Europe,2011,334305815,37.35
Poland,Europe,2012,326702135,34.2
Poland,Europe,2013,322614415,44.8
Poland,Europe,2014,310280090,41.27
Poland,Europe,2015,313419083,53.26
Poland,Europe,2016,324341690,58.72
Poland,Europe,2017,337682844,54.96
Poland,Europe,2018,336992311,49.37
Poland,Europe,2019,319520975,56.61
Poland,Europe,2020,299592767,68.81
Portugal,Europe,2010,53016778,38.78
Portugal,Europe,2011,51814667,37.35
Portugal,Europe,2012,49979321,34.2
Portugal,Europe,2013,48181541,44.8
Portugal,Europe,2014,47961895,41.27
Portugal,Europe,2015,52289892,53.26
Portugal,Europe,2016,50458265,58.72
Portugal,Europe,2017,55230716,54.96
Portugal,Europe,2018,51492414,49.37
Portugal,Europe,2019,47629084,56.61
Portugal,Europe,2020,40387817,68.81
Qatar,Asia,2010,71920193,38.78
Qatar,Asia,2011,79647666,37.35
Qatar,Asia,2012,92303521,34.2
Qatar,Asia,2013,82696788,44.8
Qatar,Asia,2014,90418581,41.27
Qatar,Asia,2015,90137398,53.26
Qatar,Asia,2016,88906547,58.72
Qatar,Asia,2017,99757241,54.96
Qatar,Asia,2018,106926980,49.37
Qatar,Asia,2019,115036775,56.61
Qatar,Asia,2020,106654967,68.81
Reunion,Africa,2010,4486194,38.78
Reunion,Africa,2011,4499156,37.35
Reunion,Africa,2012,4449690,34.2
Reunion,Africa,2013,4360961,44.8
Reunion,Africa,2014,4354461,41.27
Reunion,Africa,2015,4424034,53.26
Reunion,Africa,2016,4524830,58.72
Reunion,Africa,2017,4441140,54.96
Reunion,Africa,2018,4401362,49.37
Reunion,Africa,2019,4587948,56.61
Reunion,Africa,2020,4587948,68.81
Romania,Europe,2010,77943429,38.78
Romania,Europe,2011,86047456,37.35
Romania,Europe,2012,83882255,34.2
Romania,Europe,2013,74749877,44.8
Romania,Europe,2014,75594475,41.27
Romania,Europe,2015,76361515,53.26
Romania,Europe,2016,74152250,58.72
Romania,Europe,2017,77203113,54.96
Romania,Europe,2018,77608829,49.37
Romania,Europe,2019,74846270,56.61
Romania,Europe,2020,71475046,68.81
Russia,Europe,2010,1613113034,38.78
Russia,Europe,2011,1665206778,37.35
Russia,Europe,2012,1680104359,34.2
Russia,Europe,2013,1619419684,44.8
Russia,Europe,2014,1622588593,41.27
Russia,Europe,2015,1623099849,53.26
Russia,Europe,2016,1618598940,58.72
Russia,Europe,2017,1646456968,54.96
Russia,Europe,2018,1691646718,49.37
Russia,Europe,2019,1679449327,56.61
Russia,Europe,2020,1577136041,68.81
Rwanda,Africa,2010,573397,38.78
Rwanda,Africa,2011,647022,37.35
Rwanda,Africa,2012,718462,34.2
Rwanda,Africa,2013,782275,44.8
Rwanda,Africa,2014,827155,41.27
Rwanda,Africa,2015,919152,53.26
Rwanda,Africa,2016,1036390,58.72
Rwanda,Africa,2017,1050459,54.96
Rwanda,Africa,2018,1142030,49.37
Rwanda,Africa,2019,1187416,56.61
Rwanda,Africa,2020,1032737,68.81
Saint Helena,Africa,2010,10992,38.78
Saint Helena,Africa,2011,10992,37.35
Saint Helena,Africa,2012,10992,34.2
Saint Helena,Africa,2013,10992,44.8
Saint Helena,Africa,2014,10992,41.27
Saint Helena,Africa,2015,10992,53.26
Saint Helena,Africa,2016,14656,58.72
Saint Helena,Africa,2017,10992,54.96
Saint Helena,Africa,2018,10992,49.37
Saint Helena,Africa,2019,10729,56.61
Saint Helena,Africa,2020,9494,68.81
Saint Kitts and Nevis,North America,2010,219840,38.78
Saint Kitts and Nevis,North America,2011,230832,37.35
Saint Kitts and Nevis,North America,2012,219840,34.2
Saint Kitts and Nevis,North America,2013,223504,44.8
Saint Kitts and Nevis,North America,2014,230832,41.27
Saint Kitts and Nevis,North America,2015,234496,53.26
Saint Kitts and Nevis,North America,2016,238160,58.72
Saint Kitts and Nevis,North America,2017,241824,54.96
Saint Kitts and Nevis,North America,2018,245488,49.37
Saint Kitts and Nevis,North America,2019,239610,56.61
Saint Kitts and Nevis,North America,2020,212040,68.81
Saint Lucia,North America,2010,487312,38.78
Saint Lucia,North America,2011,487312,37.35
Saint Lucia,North America,2012,490976,34.2
Saint Lucia,North America,2013,487312,44.8
Saint Lucia,North America,2014,483648,41.27
Saint Lucia,North America,2015,479984,53.26
Saint Lucia,North America,2016,487312,58.72
Saint Lucia,North America,2017,505632,54.96
Saint Lucia,North America,2018,509296,49.37
Saint Lucia,North America,2019,497102,56.61
Saint Lucia,North America,2020,439905,68.81
Saint Pierre and Miquelon,North America,2010,65952,38.78
Saint Pierre and Miquelon,North America,2011,65952,37.35
Saint Pierre and Miquelon,North America,2012,65952,34.2
Saint Pierre and Miquelon,North America,2013,65952,44.8
Saint Pierre and Miquelon,North America,2014,65952,41.27
Saint Pierre and Miquelon,North America,2015,65952,53.26
Saint Pierre and Miquelon,North America,2016,65952,58.72
Saint Pierre and Miquelon,North America,2017,65952,54.96
Saint Pierre and Miquelon,North America,2018,58624,49.37
Saint Pierre and Miquelon,North America,2019,57220,56.61
Saint Pierre and Miquelon,North America,2020,50636,68.81
Saint Vincent and the Grenadines,North America,2010,219840,38.78
Saint Vincent and the Grenadines,North America,2011,216176,37.35
Saint Vincent and the Grenadines,North America,2012,230832,34.2
Saint Vincent and the Grenadines,North America,2013,219840,44.8
Saint Vincent and the Grenadines,North America,2014,252816,41.27
Saint Vincent and the Grenadines,North America,2015,234496,53.26
Saint Vincent and the Grenadines,North America,2016,241824,58.72
Saint Vincent and the Grenadines,North America,2017,216176,54.96
Saint Vincent and the Grenadines,North America,2018,241824,49.37
Saint Vincent and the Grenadines,North America,2019,236034,56.61
Saint Vincent and the Grenadines,North America,2020,208876,68.81
Samoa,Oceania,2010,183200,38.78
Samoa,Oceania,2011,190528,37.35
Samoa,Oceania,2012,186864,34.2
Samoa,Oceania,2013,194192,44.8
Samoa,Oceania,2014,201520,41.27
Samoa,Oceania,2015,227168,53.26
Samoa,Oceania,2016,238160,58.72
Samoa,Oceania,2017,245488,54.96
Samoa,Oceania,2018,238160,49.37
Samoa,Oceania,2019,245489,56.61
Samoa,Oceania,2020,245833,68.81
Sao Tome and Principe,Africa,2010,98928,38.78
Sao Tome and Principe,Africa,2011,98928,37.35
Sao Tome and Principe,Africa,2012,117248,34.2
Sao Tome and Principe,Africa,2013,120912,44.8
Sao Tome and Principe,Africa,2014,117248,41.27
Sao Tome and Principe,Africa,2015,120912,53.26
Sao Tome and Principe,Africa,2016,124576,58.72
Sao Tome and Principe,Africa,2017,128240,54.96
Sao Tome and Principe,Africa,2018,131904,49.37
Sao Tome and Principe,Africa,2019,126263,56.61
Sao Tome and Principe,Africa,2020,112744,68.81
Saudi Arabia,Asia,2010,517715947,38.78
Saudi Arabia,Asia,2011,497659010,37.35
Saudi Arabia,Asia,2012,563179493,34.2
Saudi Arabia,Asia,2013,540805232,44.8
Saudi Arabia,Asia,2014,609205617,41.27
Saudi Arabia,Asia,2015,674878168,53.26
Saudi Arabia,Asia,2016,639056486,58.72
Saudi Arabia,Asia,2017,639377966,54.96
Saudi Arabia,Asia,2018,621952743,49.37
Saudi Arabia,Asia,2019,622412749,56.61
Saudi Arabia,Asia,2020,625507882,68.81
Senegal,Africa,2010,6862391,38.78
Senegal,Africa,2011,7818837,37.35
Senegal,Africa,2012,7362129,34.2
Senegal,Africa,2013,7852669,44.8
Senegal,Africa,2014,8724360,41.27
Senegal,Africa,2015,9845416,53.26
Senegal,Africa,2016,10015698,58.72
Senegal,Africa,2017,10745803,54.96
Senegal,Africa,2018,11330392,49.37
Senegal,Africa,2019,11265532,56.61
Senegal,Africa,2020,10451209,68.81
Serbia,Europe,2010,45696426,38.78
Serbia,Europe,2011,48957080,37.35
Serbia,Europe,2012,43724476,34.2
Serbia,Europe,2013,44545828,44.8
Serbia,Europe,2014,37189122,41.27
Serbia,Europe,2015,43746096,53.26
Serbia,Europe,2016,45034457,58.72
Serbia,Europe,2017,45525947,54.96
Serbia,Europe,2018,44260984,49.37
Serbia,Europe,2019,49337634,56.61
Serbia,Europe,2020,43135397,68.81
Seychelles,Africa,2010,443344,38.78
Seychelles,Africa,2011,406704,37.35
Seychelles,Africa,2012,425024,34.2
Seychelles,Africa,2013,414032,44.8
Seychelles,Africa,2014,461664,41.27
Seychelles,Africa,2015,479984,53.26
Seychelles,Africa,2016,534944,58.72
Seychelles,Africa,2017,556928,54.96
Seychelles,Africa,2018,556928,49.37
Seychelles,Africa,2019,581093,56.61
Seychelles,Africa,2020,491067,68.81
Sierra Leone,Africa,2010,542272,38.78
Sierra Leone,Africa,2011,710816,37.35
Sierra Leone,Africa,2012,831728,34.2
Sierra Leone,Africa,2013,1007600,44.8
Sierra Leone,Africa,2014,1110192,41.27
Sierra Leone,Africa,2015,875696,53.26
Sierra Leone,Africa,2016,905008,58.72
Sierra Leone,Africa,2017,912336,54.96
Sierra Leone,Africa,2018,952640,49.37
Sierra Leone,Africa,2019,960643,56.61
Sierra Leone,Africa,2020,877190,68.81
Singapore,Asia,2010,56619792,38.78
Singapore,Asia,2011,30271968,37.35
Singapore,Asia,2012,48144960,34.2
Singapore,Asia,2013,54366432,44.8
Singapore,Asia,2014,55209152,41.27
Singapore,Asia,2015,62130448,53.26
Singapore,Asia,2016,40274688,58.72
Singapore,Asia,2017,39065568,54.96
Singapore,Asia,2018,46001520,49.37
Singapore,Asia,2019,45705294,56.61
Singapore,Asia,2020,45503904,68.81
Sint Maarten (Dutch part),North America,2010,463610,38.78
Sint Maarten (Dutch part),North America,2011,591438,37.35
Sint Maarten (Dutch part),North America,2012,696160,34.2
Sint Maarten (Dutch part),North America,2013,714480,44.8
Sint Maarten (Dutch part),North America,2014,732800,41.27
Sint Maarten (Dutch part),North America,2015,754784,53.26
Sint Maarten (Dutch part),North America,2016,762112,58.72
Sint Maarten (Dutch part),North America,2017,751120,54.96
Sint Maarten (Dutch part),North America,2018,721808,49.37
Sint Maarten (Dutch part),North America,2019,704525,56.61
Sint Maarten (Dutch part),North America,2020,623462,68.81
Slovakia,Europe,2010,38411715,38.78
Slovakia,Europe,2011,37999489,37.35
Slovakia,Europe,2012,35921155,34.2
Slovakia,Europe,2013,35507167,44.8
Slovakia,Europe,2014,33591137,41.27
Slovakia,Europe,2015,34410632,53.26
Slovakia,Europe,2016,34855945,58.72
Slovakia,Europe,2017,36030606,54.96
Slovakia,Europe,2018,36029541,49.37
Slovakia,Europe,2019,33773451,56.61
Slovakia,Europe,2020,30730385,68.81
Slovenia,Europe,2010,16431818,38.78
Slovenia,Europe,2011,16333590,37.35
Slovenia,Europe,2012,15736752,34.2
Slovenia,Europe,2013,15106405,44.8
Slovenia,Europe,2014,13540462,41.27
Slovenia,Europe,2015,13622783,53.26
Slovenia,Europe,2016,14425252,58.72
Slovenia,Europe,2017,14591882,54.96
Slovenia,Europe,2018,14493544,49.37
Slovenia,Europe,2019,14005901,56.61
Slovenia,Europe,2020,12562986,68.81
Solomon Islands,Oceania,2010,329760,38.78
Solomon Islands,Oceania,2011,344416,37.35
Solomon Islands,Oceania,2012,348080,34.2
Solomon Islands,Oceania,2013,373728,44.8
Solomon Islands,Oceania,2014,329760,41.27
Solomon Islands,Oceania,2015,293120,53.26
Solomon Islands,Oceania,2016,289456,58.72
Solomon Islands,Oceania,2017,285792,54.96
Solomon Islands,Oceania,2018,289456,49.37
Solomon Islands,Oceania,2019,298363,56.61
Solomon Islands,Oceania,2020,298781,68.81
Somalia,Africa,2010,611888,38.78
Somalia,Africa,2011,611888,37.35
Somalia,Africa,2012,608224,34.2
Somalia,Africa,2013,630208,44.8
Somalia,Africa,2014,630208,41.27
Somalia,Africa,2015,630208,53.26
Somalia,Africa,2016,637536,58.72
Somalia,Africa,2017,637536,54.96
Somalia,Africa,2018,637536,49.37
Somalia,Africa,2019,665199,56.61
Somalia,Africa,2020,562143,68.81
South Africa,Africa,2010,466930008,38.78
South Africa,Africa,2011,473948952,37.35
South Africa,Africa,2012,461138966,34.2
South Africa,Africa,2013,455865944,44.8
South Africa,Africa,2014,480627936,41.27
South Africa,Africa,2015,450571528,53.26
South Africa,Africa,2016,464769069,58.72
South Africa,Africa,2017,464198740,54.96
South Africa,Africa,2018,464192622,49.37
South Africa,Africa,2019,475922616,56.61
South Africa,Africa,2020,451957087,68.81
South Korea,Asia,2010,595589920,38.78
South Korea,Asia,2011,624550333,37.35
South Korea,Asia,2012,628935863,34.2
South Korea,Asia,2013,635791455,44.8
South Korea,Asia,2014,630594627,41.27
South Korea,Asia,2015,635213614,53.26
South Korea,Asia,2016,639258641,58.72
South Korea,Asia,2017,655747114,54.96
South Korea,Asia,2018,671630709,49.37
South Korea,Asia,2019,648024558,56.61
South Korea,Asia,2020,597605055,68.81
South Sudan,Africa,2010,1313250,38.78
South Sudan,Africa,2011,1281212,37.35
South Sudan,Africa,2012,1330032,34.2
South Sudan,Africa,2013,1443616,44.8
South Sudan,Africa,2014,1524224,41.27
South Sudan,Africa,2015,1912608,53.26
South Sudan,Africa,2016,1703760,58.72
South Sudan,Africa,2017,1454608,54.96
South Sudan,Africa,2018,1337360,49.37
South Sudan,Africa,2019,1395388,56.61
South Sudan,Africa,2020,1179207,68.81
Spain,Europe,2010,283872713,38.78
Spain,Europe,2011,284729530,37.35
Spain,Europe,2012,278963927,34.2
Spain,Europe,2013,252726123,44.8
Spain,Europe,2014,255067902,41.27
Spain,Europe,2015,271694203,53.26
Spain,Europe,2016,260757956,58.72
Spain,Europe,2017,274641963,54.96
Spain,Europe,2018,269713437,49.37
Spain,Europe,2019,251498499,56.61
Spain,Europe,2020,208914968,68.81
Sri Lanka,Asia,2010,13050987,38.78
Sri Lanka,Asia,2011,14886152,37.35
Sri Lanka,Asia,2012,15798102,34.2
Sri Lanka,Asia,2013,14679056,44.8
Sri Lanka,Asia,2014,17690987,41.27
Sri Lanka,Asia,2015,19830283,53.26
Sri Lanka,Asia,2016,23027101,58.72
Sri Lanka,Asia,2017,23030453,54.96
Sri Lanka,Asia,2018,20998382,49.37
Sri Lanka,Asia,2019,22824893,56.61
Sri Lanka,Asia,2020,21106254,68.81
Sudan,Africa,2010,14397601,38.78
Sudan,Africa,2011,14016871,37.35
Sudan,Africa,2012,14538701,34.2
Sudan,Africa,2013,16175480,44.8
Sudan,Africa,2014,16644807,41.27
Sudan,Africa,2015,20162632,53.26
Sudan,Africa,2016,19311333,58.72
Sudan,Africa,2017,21714917,54.96
Sudan,Africa,2018,21179973,49.37
Sudan,Africa,2019,22031477,56.61
Sudan,Africa,2020,18859244,68.81
Suriname,South America,2010,2395704,38.78
Suriname,South America,2011,2179800,37.35
Suriname,South America,2012,2634976,34.2
Suriname,South America,2013,2744348,44.8
Suriname,South America,2014,2808578,41.27
Suriname,South America,2015,2702357,53.26
Suriname,South America,2016,2275902,58.72
Suriname,South America,2017,2474054,54.96
Suriname,South America,2018,2514342,49.37
Suriname,South America,2019,2520260,56.61
Suriname,South America,2020,2224178,68.81
Sweden,Europe,2010,53126353,38.78
Sweden,Europe,2011,49257269,37.35
Sweden,Europe,2012,46773851,34.2
Sweden,Europe,2013,45205996,44.8
Sweden,Europe,2014,43335944,41.27
Sweden,Europe,2015,43602601,53.26
Sweden,Europe,2016,43262009,58.72
Sweden,Europe,2017,42593728,54.96
Sweden,Europe,2018,42095408,49.37
Sweden,Europe,2019,40936867,56.61
Sweden,Europe,2020,38634794,68.81
Switzerland,Europe,2010,45049377,38.78
Switzerland,Europe,2011,40985444,37.35
Switzerland,Europe,2012,42254632,34.2
Switzerland,Europe,2013,43185681,44.8
Switzerland,Europe,2014,39231220,41.27
Switzerland,Europe,2015,38731004,53.26
Switzerland,Europe,2016,39192544,58.72
Switzerland,Europe,2017,38182513,54.96
Switzerland,Europe,2018,36867631,49.37
Switzerland,Europe,2019,36741865,56.61
Switzerland,Europe,2020,32298333,68.81
Syria,Asia,2010,60716515,38.78
Syria,Asia,2011,57784694,37.35
Syria,Asia,2012,47230831,34.2
Syria,Asia,2013,34233685,44.8
Syria,Asia,2014,30841237,41.27
Syria,Asia,2015,28162773,53.26
Syria,Asia,2016,29079394,58.72
Syria,Asia,2017,32050898,54.96
Syria,Asia,2018,30365540,49.37
Syria,Asia,2019,31008655,56.61
Syria,Asia,2020,30531928,68.81
Taiwan,Asia,2010,270148000,38.78
Taiwan,Asia,2011,276283000,37.35
Taiwan,Asia,2012,272756000,34.2
Taiwan,Asia,2013,273797000,44.8
Taiwan,Asia,2014,276311000,41.27
Taiwan,Asia,2015,275836000,53.26
Taiwan,Asia,2016,279705000,58.72
Taiwan,Asia,2017,284812000,54.96
Taiwan,Asia,2018,282843000,49.37
Taiwan,Asia,2019,275333035,56.61
Taiwan,Asia,2020,273174653,68.81
Tajikistan,Asia,2010,2536415,38.78
Tajikistan,Asia,2011,2340736,37.35
Tajikistan,Asia,2012,2933412,34.2
Tajikistan,Asia,2013,2906893,44.8
Tajikistan,Asia,2014,4600122,41.27
Tajikistan,Asia,2015,5302282,53.26
Tajikistan,Asia,2016,6439912,58.72
Tajikistan,Asia,2017,7865014,54.96
Tajikistan,Asia,2018,9107618,49.37
Tajikistan,Asia,2019,8634131,56.61
Tajikistan,Asia,2020,9447656,68.81
Tanzania,Africa,2010,6926654,38.78
Tanzania,Africa,2011,7751513,37.35
Tanzania,Africa,2012,9061880,34.2
Tanzania,Africa,2013,9908632,44.8
Tanzania,Africa,2014,9900388,41.27
Tanzania,Africa,2015,10638599,53.26
Tanzania,Africa,2016,10873052,58.72
Tanzania,Africa,2017,11406687,54.96
Tanzania,Africa,2018,11790770,49.37
Tanzania,Africa,2019,12042585,56.61
Tanzania,Africa,2020,10938632,68.81
Thailand,Asia,2010,255404865,38.78
Thailand,Asia,2011,253612185,37.35
Thailand,Asia,2012,270267908,34.2
Thailand,Asia,2013,287597656,44.8
Thailand,Asia,2014,282648370,41.27
Thailand,Asia,2015,285687648,53.26
Thailand,Asia,2016,283434535,58.72
Thailand,Asia,2017,285959563,54.96
Thailand,Asia,2018,276176956,49.37
Thailand,Asia,2019,271624559,56.61
Thailand,Asia,2020,257765782,68.81
Timor,Asia,2010,234496,38.78
Timor,Asia,2011,245488,37.35
Timor,Asia,2012,293120,34.2
Timor,Asia,2013,542272,44.8
Timor,Asia,2014,608224,41.27
Timor,Asia,2015,600896,53.26
Timor,Asia,2016,494640,58.72
Timor,Asia,2017,498304,54.96
Timor,Asia,2018,509296,49.37
Timor,Asia,2019,524968,56.61
Timor,Asia,2020,525704,68.81
Togo,Africa,2010,2595698,38.78
Togo,Africa,2011,2503920,37.35
Togo,Africa,2012,2215629,34.2
Togo,Africa,2013,1642552,44.8
Togo,Africa,2014,1541898,41.27
Togo,Africa,2015,1865704,53.26
Togo,Africa,2016,2306416,58.72
Togo,Africa,2017,2210120,54.96
Togo,Africa,2018,2290044,49.37
Togo,Africa,2019,2305160,56.61
Togo,Africa,2020,2191571,68.81
Tonga,Oceania,2010,117248,38.78
Tonga,Oceania,2011,102592,37.35
Tonga,Oceania,2012,106256,34.2
Tonga,Oceania,2013,113584,44.8
Tonga,Oceania,2014,113584,41.27
Tonga,Oceania,2015,120912,53.26
Tonga,Oceania,2016,128240,58.72
Tonga,Oceania,2017,157552,54.96
Tonga,Oceania,2018,139232,49.37
Tonga,Oceania,2019,143516,56.61
Tonga,Oceania,2020,143718,68.81
Trinidad and Tobago,South America,2010,46957412,38.78
Trinidad and Tobago,South America,2011,46680091,37.35
Trinidad and Tobago,South America,2012,45555809,34.2
Trinidad and Tobago,South America,2013,45235944,44.8
Trinidad and Tobago,South America,2014,46344356,41.27
Trinidad and Tobago,South America,2015,45121718,53.26
Trinidad and Tobago,South America,2016,40052240,58.72
Trinidad and Tobago,South America,2017,39948219,54.96
Trinidad and Tobago,South America,2018,40475386,49.37
Trinidad and Tobago,South America,2019,40378454,56.61
Trinidad and Tobago,South America,2020,35509414,68.81
Tunisia,Africa,2010,27101189,38.78
Tunisia,Africa,2011,25526012,37.35
Tunisia,Africa,2012,26305893,34.2
Tunisia,Africa,2013,26864333,44.8
Tunisia,Africa,2014,27893503,41.27
Tunisia,Africa,2015,29271750,53.26
Tunisia,Africa,2016,29007769,58.72
Tunisia,Africa,2017,29231486,54.96
Tunisia,Africa,2018,29362809,49.37
Tunisia,Africa,2019,30010549,56.61
Tunisia,Africa,2020,28126702,68.81
Turkmenistan,Asia,2010,57110036,38.78
Turkmenistan,Asia,2011,62182860,37.35
Turkmenistan,Asia,2012,64533895,34.2
Turkmenistan,Asia,2013,66375300,44.8
Turkmenistan,Asia,2014,68033300,41.27
Turkmenistan,Asia,2015,70230457,53.26
Turkmenistan,Asia,2016,70163883,58.72
Turkmenistan,Asia,2017,70231356,54.96
Turkmenistan,Asia,2018,70446995,49.37
Turkmenistan,Asia,2019,76318525,56.61
Turkmenistan,Asia,2020,75337709,68.81
Turks and Caicos Islands,North America,2010,183200,38.78
Turks and Caicos Islands,North America,2011,183200,37.35
Turks and Caicos Islands,North America,2012,183200,34.2
Turks and Caicos Islands,North America,2013,186864,44.8
Turks and Caicos Islands,North America,2014,197856,41.27
Turks and Caicos Islands,North America,2015,205184,53.26
Turks and Caicos Islands,North America,2016,216176,58.72
Turks and Caicos Islands,North America,2017,230832,54.96
Turks and Caicos Islands,North America,2018,234496,49.37
Turks and Caicos Islands,North America,2019,228881,56.61
Turks and Caicos Islands,North America,2020,202546,68.81
Tuvalu,Oceania,2010,10992,38.78
Tuvalu,Oceania,2011,10992,37.35
Tuvalu,Oceania,2012,10992,34.2
Tuvalu,Oceania,2013,10992,44.8
Tuvalu,Oceania,2014,7328,41.27
Tuvalu,Oceania,2015,7328,53.26
Tuvalu,Oceania,2016,7328,58.72
Tuvalu,Oceania,2017,7328,54.96
Tuvalu,Oceania,2018,7328,49.37
Tuvalu,Oceania,2019,7553,56.61
Tuvalu,Oceania,2020,7564,68.81
Uganda,Africa,2010,3569619,38.78
Uganda,Africa,2011,3824069,37.35
Uganda,Africa,2012,3626987,34.2
Uganda,Africa,2013,3754530,44.8
Uganda,Africa,2014,4089666,41.27
Uganda,Africa,2015,4525570,53.26
Uganda,Africa,2016,4790337,58.72
Uganda,Africa,2017,5373509,54.96
Uganda,Africa,2018,5498383,49.37
Uganda,Africa,2019,5720797,56.61
Uganda,Africa,2020,4892203,68.81
Ukraine,Europe,2010,294078322,38.78
Ukraine,Europe,2011,307952841,37.35
Ukraine,Europe,2012,303976430,34.2
Ukraine,Europe,2013,297249639,44.8
Ukraine,Europe,2014,257508606,41.27
Ukraine,Europe,2015,223822115,53.26
Ukraine,Europe,2016,234005955,58.72
Ukraine,Europe,2017,223084976,54.96
Ukraine,Europe,2018,232032926,49.37
Ukraine,Europe,2019,222579323,56.61
Ukraine,Europe,2020,213908873,68.81
United Arab Emirates,Asia,2010,180621656,38.78
United Arab Emirates,Asia,2011,192991346,37.35
United Arab Emirates,Asia,2012,201548069,34.2
United Arab Emirates,Asia,2013,205390401,44.8
United Arab Emirates,Asia,2014,201927104,41.27
United Arab Emirates,Asia,2015,216583104,53.26
United Arab Emirates,Asia,2016,214666772,58.72
United Arab Emirates,Asia,2017,168831314,54.96
United Arab Emirates,Asia,2018,154203574,49.37
United Arab Emirates,Asia,2019,154185760,56.61
United Arab Emirates,Asia,2020,150268152,68.81
United Kingdom,Europe,2010,511631630,38.78
United Kingdom,Europe,2011,469453672,37.35
United Kingdom,Europe,2012,487516555,34.2
United Kingdom,Europe,2013,477387488,44.8
United Kingdom,Europe,2014,438540999,41.27
United Kingdom,Europe,2015,422340107,53.26
United Kingdom,Europe,2016,399337394,58.72
United Kingdom,Europe,2017,387565181,54.96
United Kingdom,Europe,2018,381889659,49.37
United Kingdom,Europe,2019,369009693,56.61
United Kingdom,Europe,2020,329578911,68.81
United States,North America,2010,5675786435,38.78
United States,North America,2011,5540173478,37.35
United States,North America,2012,5338698344,34.2
United States,North America,2013,5474256770,44.8
United States,North America,2014,5522807202,41.27
United States,North America,2015,5371770557,53.26
United States,North America,2016,5248023931,58.72
United States,North America,2017,5207751278,54.96
United States,North America,2018,5375490614,49.37
United States,North America,2019,5255816207,56.61
United States,North America,2020,4712770573,68.81
Uruguay,South America,2010,6297960,38.78
Uruguay,South America,2011,7652644,37.35
Uruguay,South America,2012,8591791,34.2
Uruguay,South America,2013,7492373,44.8
Uruguay,South America,2014,6684323,41.27
Uruguay,South America,2015,6725465,53.26
Uruguay,South America,2016,6520440,58.72
Uruguay,South America,2017,6162573,54.96
Uruguay,South America,2018,6570970,49.37
Uruguay,South America,2019,6583985,56.61
Uruguay,South America,2020,5840060,68.81
Uzbekistan,Asia,2010,103336000,38.78
Uzbekistan,Asia,2011,112704612,37.35
Uzbekistan,Asia,2012,114891110,34.2
Uzbekistan,Asia,2013,109473193,44.8
Uzbekistan,Asia,2014,104953028,41.27
Uzbekistan,Asia,2015,101412072,53.26
Uzbekistan,Asia,2016,108168748,58.72
Uzbekistan,Asia,2017,107153232,54.96
Uzbekistan,Asia,2018,114732232,49.37
Uzbekistan,Asia,2019,114198988,56.61
Uzbekistan,Asia,2020,112784345,68.81
Vanuatu,Oceania,2010,120912,38.78
Vanuatu,Oceania,2011,131904,37.35
Vanuatu,Oceania,2012,113584,34.2
Vanuatu,Oceania,2013,106256,44.8
Vanuatu,Oceania,2014,153888,41.27
Vanuatu,Oceania,2015,131904,53.26
Vanuatu,Oceania,2016,146560,58.72
Vanuatu,Oceania,2017,139232,54.96
Vanuatu,Oceania,2018,175872,49.37
Vanuatu,Oceania,2019,181284,56.61
Vanuatu,Oceania,2020,181538,68.81
Venezuela,South America,2010,184084056,38.78
Venezuela,South America,2011,175944973,37.35
Venezuela,South America,2012,182224419,34.2
Venezuela,South America,2013,207424913,44.8
Venezuela,South America,2014,186708214,41.27
Venezuela,South America,2015,180124211,53.26
Venezuela,South America,2016,169476933,58.72
Venezuela,South America,2017,161535508,54.96
Venezuela,South America,2018,120176685,49.37
Venezuela,South America,2019,99175323,56.61
Venezuela,South America,2020,84609478,68.81
Vietnam,Asia,2010,138585135,38.78
Vietnam,Asia,2011,151230628,37.35
Vietnam,Asia,2012,142552003,34.2
Vietnam,Asia,2013,149220090,44.8
Vietnam,Asia,2014,169006166,41.27
Vietnam,Asia,2015,193003686,53.26
Vietnam,Asia,2016,192765567,58.72
Vietnam,Asia,2017,195249310,54.96
Vietnam,Asia,2018,223717789,49.37
Vietnam,Asia,2019,260312093,56.61
Vietnam,Asia,2020,254303169,68.81
Wallis and Futuna,Oceania,2010,29312,38.78
Wallis and Futuna,Oceania,2011,25648,37.35
Wallis and Futuna,Oceania,2012,25648,34.2
Wallis and Futuna,Oceania,2013,21984,44.8
Wallis and Futuna,Oceania,2014,21984,41.27
Wallis and Futuna,Oceania,2015,21984,53.26
Wallis and Futuna,Oceania,2016,25648,58.72
Wallis and Futuna,Oceania,2017,25648,54.96
Wallis and Futuna,Oceania,2018,25648,49.37
Wallis and Futuna,Oceania,2019,26437,56.61
Wallis and Futuna,Oceania,2020,26474,68.81
Yemen,Asia,2010,23150591,38.78
Yemen,Asia,2011,20190194,37.35
Yemen,Asia,2012,18268332,34.2
Yemen,Asia,2013,24976297,44.8
Yemen,Asia,2014,24215664,41.27
Yemen,Asia,2015,12806287,53.26
Yemen,Asia,2016,10426915,58.72
Yemen,Asia,2017,9950980,54.96
Yemen,Asia,2018,9983747,49.37
Yemen,Asia,2019,10020408,56.61
Yemen,Asia,2020,9768313,68.81
Zambia,Africa,2010,3120300,38.78
Zambia,Africa,2011,3372367,37.35
Zambia,Africa,2012,4165843,34.2
Zambia,Africa,2013,4416159,44.8
Zambia,Africa,2014,4876557,41.27
Zambia,Africa,2015,5097951,53.26
Zambia,Africa,2016,5659098,58.72
Zambia,Africa,2017,6517240,54.96
Zambia,Africa,2018,7313113,49.37
Zambia,Africa,2019,7047207,56.61
Zambia,Africa,2020,6572938,68.81
Zimbabwe,Africa,2010,7878316,38.78
Zimbabwe,Africa,2011,9743983,37.35
Zimbabwe,Africa,2012,7882889,34.2
Zimbabwe,Africa,2013,11836254,44.8
Zimbabwe,Africa,2014,11905687,41.27
Zimbabwe,Africa,2015,12225821,53.26
Zimbabwe,Africa,2016,10737567,58.72
Zimbabwe,Africa,2017,9581633,54.96
Zimbabwe,Africa,2018,11854367,49.37
Zimbabwe,Africa,2019,10949084,56.61
Zimbabwe,Africa,2020,10531342,68.81